ID,SX,SY,class,sort
1,121.52,31.309,3,0
2,121.505,31.294,6,0
3,121.375,31.107,3,0
4,121.528,31.263,5,0
5,121.434,31.249,5,0
6,121.436,31.136,0,0
7,121.387,31.103,5,0
8,121.495,31.216,5,0
9,121.528,31.266,7,0
10,121.424,31.225,4,0
11,121.427,31.172,5,0
12,121.379,31.254,1,0
13,121.386,31.314,7,0
14,121.534,31.321,0,0
15,121.538,31.271,0,0
16,121.453,31.21,5,0
17,121.475,31.33,7,0
18,121.473,31.202,5,0
19,121.398,31.232,5,0
20,121.436,31.318,5,0
21,121.518,31.31,0,0
22,121.411,31.289,5,0
23,121.459,31.195,7,0
24,121.449,31.279,7,0
25,121.353,31.284,3,0
26,121.545,31.272,5,0
27,121.424,31.183,4,0
28,121.402,31.237,5,0
29,121.482,31.207,5,0
30,121.462,31.17,4,0
31,121.449,31.334,2,0
32,121.531,31.328,5,0
33,121.364,31.213,5,0
34,121.475,31.206,0,0
35,121.453,31.334,7,0
36,121.391,31.28,5,0
37,121.43,31.256,4,0
38,121.35,31.192,0,0
39,121.396,31.281,5,0
40,121.54,31.306,5,0
41,121.489,31.325,7,0
42,121.421,31.201,0,0
43,121.312,31.235,0,0
44,121.493,31.217,1,0
45,121.486,31.314,2,0
46,121.518,31.308,5,0
47,121.433,31.143,7,0
48,121.389,31.276,4,0
49,121.456,31.188,3,0
50,121.531,31.288,5,0
51,121.45,31.186,0,0
52,121.492,31.223,4,0
53,121.494,31.29,0,0
54,121.48,31.199,3,0
55,121.521,31.309,7,0
56,121.54,31.3,5,0
57,121.523,31.27,1,0
58,121.525,31.22,3,0
59,121.496,31.21,0,0
60,121.471,31.292,3,0
61,121.522,31.283,0,0
62,121.431,31.335,0,0
63,121.526,31.254,4,0
64,121.501,31.219,0,0
65,121.554,31.287,3,0
66,121.482,31.282,5,0
67,121.382,31.187,0,0
68,121.433,31.123,1,0
69,121.487,31.282,0,0
70,121.402,31.183,7,0
71,121.541,31.318,5,0
72,121.493,31.307,7,0
73,121.453,31.235,5,0
74,121.516,31.311,0,0
75,121.376,31.31,5,0
76,121.538,31.33,0,0
77,121.428,31.196,4,0
78,121.449,31.239,7,0
79,121.405,31.27,0,0
80,121.523,31.257,0,0
81,121.419,31.159,3,0
82,121.459,31.192,5,0
83,121.494,31.315,2,0
84,121.425,31.345,3,0
85,121.532,31.329,7,0
86,121.466,31.31,1,0
87,121.54,31.328,0,0
88,121.541,31.305,0,0
89,121.533,31.268,5,0
90,121.531,31.256,5,0
91,121.503,31.311,0,0
92,121.414,31.2,1,0
93,121.537,31.331,5,0
94,121.435,31.224,2,0
95,121.497,31.316,3,0
96,121.501,31.335,7,0
97,121.524,31.328,0,0
98,121.514,31.303,2,0
99,121.37,31.129,6,0
100,121.431,31.303,3,0
101,121.48,31.311,0,0
102,121.513,31.331,5,0
103,121.448,31.134,0,0
104,121.494,31.315,3,0
105,121.54,31.303,5,0
106,121.371,31.262,5,0
107,121.531,31.283,0,0
108,121.515,31.311,0,0
109,121.473,31.205,5,0
110,121.509,31.281,3,0
111,121.413,31.36,5,0
112,121.35,31.313,0,0
113,121.415,31.128,0,0
114,121.487,31.314,7,0
115,121.482,31.203,7,0
116,121.417,31.152,7,0
117,121.526,31.316,2,0
118,121.365,31.208,7,0
119,121.467,31.303,0,0
120,121.48,31.297,4,0
121,121.374,31.314,5,0
122,121.402,31.222,1,0
123,121.546,31.29,2,0
124,121.448,31.25,4,0
125,121.45,31.186,5,0
126,121.566,31.246,0,0
127,121.337,31.256,3,0
128,121.459,31.19,5,0
129,121.463,31.194,2,0
130,121.44,31.132,5,0
131,121.503,31.273,5,0
132,121.37,31.246,7,0
133,121.346,31.259,5,0
134,121.446,31.133,5,0
135,121.514,31.206,5,0
136,121.468,31.263,0,0
137,121.543,31.287,5,0
138,121.529,31.275,5,0
139,121.535,31.196,1,0
140,121.411,31.164,5,0
141,121.464,31.191,2,0
142,121.529,31.334,0,0
143,121.521,31.338,3,0
144,121.474,31.205,5,0
145,121.405,31.143,7,0
146,121.416,31.154,3,0
147,121.389,31.252,5,0
148,121.477,31.208,3,0
149,121.468,31.244,7,0
150,121.483,31.201,0,0
151,121.408,31.291,3,0
152,121.541,31.184,0,0
153,121.472,31.305,4,0
154,121.447,31.332,7,0
155,121.449,31.26,5,0
156,121.427,31.148,7,0
157,121.532,31.322,0,0
158,121.415,31.276,3,0
159,121.414,31.199,5,0
160,121.395,31.232,0,0
161,121.313,31.292,7,0
162,121.521,31.241,0,0
163,121.521,31.283,3,0
164,121.529,31.314,4,0
165,121.467,31.28,0,0
166,121.485,31.275,5,0
167,121.49,31.305,4,0
168,121.475,31.325,2,0
169,121.349,31.317,2,0
170,121.528,31.26,4,0
171,121.5,31.275,5,0
172,121.488,31.337,0,0
173,121.409,31.164,0,0
174,121.354,31.346,0,0
175,121.488,31.315,2,0
176,121.509,31.289,1,0
177,121.534,31.287,0,0
178,121.459,31.31,4,0
179,121.498,31.217,2,0
180,121.475,31.207,3,0
181,121.451,31.197,3,0
182,121.403,31.309,4,0
183,121.455,31.335,0,0
184,121.466,31.291,7,0
185,121.52,31.263,0,0
186,121.36,31.218,7,0
187,121.409,31.18,0,0
188,121.428,31.255,3,0
189,121.419,31.254,4,0
190,121.364,31.213,0,0
191,121.485,31.302,4,0
192,121.425,31.198,5,0
193,121.411,31.287,2,0
194,121.524,31.309,0,0
195,121.401,31.272,0,0
196,121.469,31.3,0,0
197,121.451,31.171,2,0
198,121.48,31.269,5,0
199,121.499,31.268,7,0
200,121.451,31.293,3,0
201,121.526,31.32,5,0
202,121.408,31.213,5,0
203,121.477,31.199,6,0
204,121.459,31.321,3,0
205,121.432,31.163,4,0
206,121.413,31.141,2,0
207,121.37,31.244,7,0
208,121.425,31.295,3,0
209,121.48,31.203,0,0
210,121.537,31.331,0,0
211,121.43,31.193,4,0
212,121.43,31.289,3,0
213,121.375,31.255,5,0
214,121.39,31.269,5,0
215,121.446,31.126,7,0
216,121.446,31.267,4,0
217,121.484,31.304,1,0
218,121.538,31.273,3,0
219,121.471,31.205,0,0
220,121.483,31.311,4,0
221,121.493,31.263,0,0
222,121.446,31.205,0,0
223,121.472,31.325,1,0
224,121.46,31.301,2,0
225,121.507,31.328,3,0
226,121.413,31.246,0,0
227,121.421,31.196,0,0
228,121.422,31.298,3,0
229,121.541,31.288,5,0
230,121.421,31.204,6,0
231,121.428,31.282,5,0
232,121.432,31.219,4,0
233,121.442,31.243,0,0
234,121.486,31.3,6,0
235,121.437,31.184,7,0
236,121.493,31.289,3,0
237,121.542,31.201,5,0
238,121.535,31.183,2,0
239,121.396,31.247,5,0
240,121.512,31.259,7,0
241,121.545,31.297,5,0
242,121.411,31.196,2,0
243,121.419,31.123,2,0
244,121.453,31.335,0,0
245,121.508,31.312,4,0
246,121.403,31.309,4,0
247,121.489,31.311,1,0
248,121.492,31.33,2,0
249,121.341,31.26,1,0
250,121.468,31.263,7,0
251,121.413,31.272,7,0
252,121.533,31.284,1,0
253,121.403,31.284,5,0
254,121.544,31.283,0,0
255,121.35,31.282,7,0
256,121.532,31.323,4,0
257,121.496,31.279,0,0
258,121.418,31.131,3,0
259,121.428,31.262,1,0
260,121.45,31.262,0,0
261,121.427,31.135,7,0
262,121.451,31.28,7,0
263,121.433,31.22,6,0
264,121.378,31.232,0,0
265,121.464,31.268,2,0
266,121.49,31.318,1,0
267,121.448,31.254,2,0
268,121.406,31.205,5,0
269,121.431,31.195,7,0
270,121.469,31.253,7,0
271,121.483,31.221,7,0
272,121.38,31.157,2,0
273,121.463,31.313,1,0
274,121.451,31.284,0,0
275,121.383,31.246,2,0
276,121.525,31.318,0,0
277,121.427,31.148,7,0
278,121.419,31.175,0,0
279,121.338,31.256,4,0
280,121.538,31.322,5,0
281,121.524,31.264,2,0
282,121.508,31.276,4,0
283,121.5,31.275,4,0
284,121.529,31.335,5,0
285,121.506,31.27,7,0
286,121.437,31.334,5,0
287,121.512,31.303,4,0
288,121.525,31.257,0,0
289,121.473,31.3,3,0
290,121.408,31.29,3,0
291,121.537,31.205,7,0
292,121.5,31.344,5,0
293,121.364,31.132,3,0
294,121.479,31.27,5,0
295,121.507,31.264,7,0
296,121.488,31.252,7,0
297,121.405,31.185,0,0
298,121.446,31.118,5,0
299,121.335,31.268,5,0
300,121.465,31.297,7,0
301,121.451,31.234,7,0
302,121.538,31.303,3,0
303,121.429,31.284,3,0
304,121.489,31.276,5,0
305,121.469,31.264,0,0
306,121.451,31.269,0,0
307,121.417,31.239,7,0
308,121.448,31.307,5,0
309,121.383,31.246,2,0
310,121.517,31.274,7,0
311,121.45,31.198,5,0
312,121.529,31.22,0,0
313,121.509,31.268,0,0
314,121.503,31.293,7,0
315,121.462,31.275,7,0
316,121.429,31.246,5,0
317,121.506,31.321,3,0
318,121.405,31.258,0,0
319,121.351,31.288,5,0
320,121.437,31.205,4,0
321,121.429,31.221,5,0
322,121.366,31.221,0,0
323,121.396,31.245,2,0
324,121.394,31.257,3,0
325,121.53,31.267,2,0
326,121.396,31.247,2,0
327,121.515,31.34,0,0
328,121.518,31.275,5,0
329,121.53,31.279,0,0
330,121.437,31.241,5,0
331,121.367,31.237,0,0
332,121.434,31.174,0,0
333,121.327,31.248,1,0
334,121.433,31.151,5,0
335,121.474,31.321,2,0
336,121.475,31.199,7,0
337,121.452,31.279,2,0
338,121.43,31.266,4,0
339,121.545,31.27,7,0
340,121.447,31.391,7,0
341,121.503,31.267,0,0
342,121.49,31.276,0,0
343,121.516,31.301,7,0
344,121.429,31.246,2,0
345,121.462,31.285,2,0
346,121.542,31.324,3,0
347,121.488,31.233,5,0
348,121.442,31.164,4,0
349,121.482,31.258,3,0
350,121.482,31.29,7,0
351,121.514,31.303,2,0
352,121.466,31.196,0,0
353,121.45,31.313,3,0
354,121.525,31.26,7,0
355,121.494,31.257,0,0
356,121.404,31.21,0,0
357,121.485,31.302,2,0
358,121.45,31.157,0,0
359,121.419,31.188,3,0
360,121.509,31.272,0,0
361,121.495,31.211,7,0
362,121.524,31.309,1,0
363,121.344,31.143,0,0
364,121.488,31.201,2,0
365,121.402,31.209,3,0
366,121.437,31.263,0,0
367,121.479,31.27,7,0
368,121.444,31.18,4,0
369,121.502,31.273,7,0
370,121.416,31.293,7,0
371,121.446,31.189,4,0
372,121.429,31.246,5,0
373,121.517,31.337,0,0
374,121.482,31.258,0,0
375,121.424,31.244,0,0
376,121.479,31.208,5,0
377,121.546,31.294,0,0
378,121.503,31.273,0,0
379,121.54,31.258,5,0
380,121.373,31.181,0,0
381,121.366,31.237,4,0
382,121.555,31.306,3,0
383,121.46,31.234,5,0
384,121.393,31.205,0,0
385,121.43,31.266,4,0
386,121.43,31.162,3,0
387,121.422,31.157,2,0
388,121.456,31.243,0,0
389,121.525,31.267,0,0
390,121.458,31.164,5,0
391,121.394,31.26,7,0
392,121.482,31.245,5,0
393,121.401,31.144,3,0
394,121.455,31.271,5,0
395,121.441,31.256,0,0
396,121.41,31.219,4,0
397,121.53,31.288,7,0
398,121.531,31.315,4,0
399,121.454,31.207,7,0
400,121.535,31.288,4,0
401,121.537,31.311,7,0
402,121.431,31.247,5,0
403,121.333,31.241,7,0
404,121.518,31.293,4,0
405,121.342,31.169,5,0
406,121.434,31.211,5,0
407,121.48,31.29,0,0
408,121.538,31.326,0,0
409,121.444,31.288,0,0
410,121.421,31.204,3,0
411,121.513,31.307,5,0
412,121.457,31.172,0,0
413,121.477,31.221,0,0
414,121.45,31.2,7,0
415,121.517,31.311,4,0
416,121.471,31.193,3,0
417,121.444,31.208,7,0
418,121.438,31.34,3,0
419,121.536,31.298,5,0
420,121.474,31.199,2,0
421,121.425,31.203,0,0
422,121.411,31.181,4,0
423,121.488,31.337,3,0
424,121.373,31.216,5,0
425,121.458,31.231,2,0
426,121.421,31.206,4,0
427,121.375,31.174,0,0
428,121.524,31.303,2,0
429,121.475,31.262,4,0
430,121.508,31.315,0,0
431,121.418,31.175,2,0
432,121.452,31.336,0,0
433,121.507,31.285,0,0
434,121.509,31.289,0,0
435,121.608,31.213,5,0
436,121.372,31.253,7,0
437,121.405,31.163,0,0
438,121.533,31.268,5,0
439,121.444,31.243,7,0
440,121.485,31.275,0,0
441,121.445,31.141,0,0
442,121.413,31.187,4,0
443,121.556,31.283,2,0
444,121.387,31.109,5,0
445,121.402,31.131,4,0
446,121.532,31.275,5,0
447,121.382,31.182,4,0
448,121.411,31.245,5,0
449,121.543,31.274,5,0
450,121.455,31.271,5,0
451,121.416,31.219,7,0
452,121.46,31.328,5,0
453,121.475,31.221,2,0
454,121.429,31.247,5,0
455,121.464,31.194,0,0
456,121.454,31.19,4,0
457,121.439,31.206,3,0
458,121.404,31.279,7,0
459,121.45,31.291,4,0
460,121.488,31.293,7,0
461,121.538,31.291,2,0
462,121.398,31.171,0,0
463,121.476,31.199,2,0
464,121.443,31.239,0,0
465,121.544,31.269,1,0
466,121.453,31.187,7,0
467,121.382,31.155,7,0
468,121.405,31.13,5,0
469,121.403,31.17,0,0
470,121.369,31.217,7,0
471,121.405,31.276,5,0
472,121.402,31.264,5,0
473,121.525,31.316,5,0
474,121.367,31.237,3,0
475,121.467,31.263,7,0
476,121.46,31.298,5,0
477,121.45,31.197,7,0
478,121.481,31.232,0,0
479,121.404,31.239,4,0
480,121.375,31.187,4,0
481,121.443,31.157,3,0
482,121.504,31.193,7,0
483,121.419,31.207,5,0
484,121.529,31.26,2,0
485,121.433,31.174,0,0
486,121.477,31.238,4,0
487,121.401,31.171,0,0
488,121.484,31.232,0,0
489,121.444,31.223,0,0
490,121.485,31.25,5,0
491,121.488,31.211,7,0
492,121.431,31.213,3,0
493,121.442,31.233,5,0
494,121.506,31.266,0,0
495,121.54,31.272,5,0
496,121.464,31.217,5,0
497,121.362,31.254,0,0
498,121.448,31.273,7,0
499,121.524,31.264,0,0
500,121.506,31.214,4,0
501,121.432,31.339,6,0
502,121.442,31.269,1,0
503,121.543,31.273,6,0
504,121.452,31.245,5,0
505,121.462,31.193,0,0
506,121.454,31.207,2,0
507,121.484,31.306,4,0
508,121.433,31.251,7,0
509,121.469,31.25,3,0
510,121.477,31.3,5,0
511,121.408,31.206,7,0
512,121.468,31.23,3,0
513,121.342,31.151,2,0
514,121.468,31.304,4,0
515,121.307,31.21,5,0
516,121.525,31.308,7,0
517,121.548,31.227,5,0
518,121.355,31.181,0,0
519,121.348,31.155,0,0
520,121.482,31.203,0,0
521,121.463,31.261,0,0
522,121.452,31.289,5,0
523,121.479,31.396,5,0
524,121.405,31.13,5,0
525,121.428,31.157,0,0
526,121.436,31.244,0,0
527,121.531,31.323,3,0
528,121.489,31.248,3,0
529,121.438,31.326,2,0
530,121.48,31.278,5,0
531,121.386,31.174,0,0
532,121.462,31.198,4,0
533,121.405,31.204,7,0
534,121.484,31.277,7,0
535,121.509,31.236,0,0
536,121.491,31.266,4,0
537,121.382,31.223,7,0
538,121.384,31.21,0,0
539,121.452,31.223,0,0
540,121.518,31.294,3,0
541,121.425,31.293,5,0
542,121.33,31.227,0,0
543,121.478,31.271,7,0
544,121.415,31.175,4,0
545,121.476,31.305,3,0
546,121.532,31.315,5,0
547,121.354,31.285,5,0
548,121.428,31.197,3,0
549,121.498,31.261,5,0
550,121.394,31.26,4,0
551,121.526,31.256,1,0
552,121.421,31.186,5,0
553,121.488,31.237,3,0
554,121.522,31.305,4,0
555,121.407,31.251,4,0
556,121.488,31.239,7,0
557,121.447,31.223,3,0
558,121.485,31.306,7,0
559,121.504,31.284,0,0
560,121.494,31.337,5,0
561,121.526,31.309,0,0
562,121.503,31.293,5,0
563,121.532,31.282,5,0
564,121.533,31.268,0,0
565,121.478,31.269,2,0
566,121.507,31.313,4,0
567,121.48,31.246,7,0
568,121.506,31.254,3,0
569,121.569,31.228,0,0
570,121.457,31.184,3,0
571,121.355,31.23,0,0
572,121.415,31.273,0,0
573,121.478,31.221,3,0
574,121.384,31.166,5,0
575,121.413,31.142,7,0
576,121.551,31.293,5,0
577,121.483,31.265,0,0
578,121.431,31.339,7,0
579,121.441,31.153,7,0
580,121.467,31.204,1,0
581,121.469,31.206,2,0
582,121.478,31.223,7,0
583,121.491,31.244,0,0
584,121.504,31.221,0,0
585,121.353,31.243,0,0
586,121.506,31.268,7,0
587,121.454,31.272,7,0
588,121.451,31.247,4,0
589,121.447,31.187,5,0
590,121.428,31.175,0,0
591,121.456,31.298,3,0
592,121.392,31.205,7,0
593,121.49,31.279,1,0
594,121.43,31.168,0,0
595,121.478,31.27,0,0
596,121.517,31.274,4,0
597,121.434,31.201,5,0
598,121.491,31.245,0,0
599,121.441,31.228,3,0
600,121.406,31.136,0,0
601,121.444,31.27,7,0
602,121.45,31.216,7,0
603,121.512,31.25,0,0
604,121.447,31.19,5,0
605,121.46,31.318,0,0
606,121.455,31.196,0,0
607,121.628,31.279,2,0
608,121.461,31.268,2,0
609,121.428,31.156,5,0
610,121.532,31.323,5,0
611,121.482,31.202,0,0
612,121.45,31.205,5,0
613,121.422,31.187,2,0
614,121.53,31.211,1,0
615,121.473,31.339,5,0
616,121.477,31.275,6,0
617,121.513,31.194,5,0
618,121.532,31.304,4,0
619,121.483,31.244,3,0
620,121.359,31.141,4,0
621,121.536,31.27,7,0
622,121.449,31.193,4,0
623,121.475,31.215,3,0
624,121.459,31.212,0,0
625,121.445,31.208,2,0
626,121.473,31.196,7,0
627,121.543,31.311,0,0
628,121.442,31.23,5,0
629,121.471,31.208,1,0
630,121.466,31.218,6,0
631,121.398,31.228,3,0
632,121.545,31.297,3,0
633,121.53,31.268,0,0
634,121.4,31.13,0,0
635,121.41,31.268,7,0
636,121.482,31.268,0,0
637,121.53,31.259,2,0
638,121.434,31.174,5,0
639,121.436,31.168,0,0
640,121.509,31.304,2,0
641,121.327,31.292,5,0
642,121.392,31.268,0,0
643,121.444,31.214,4,0
644,121.404,31.154,2,0
645,121.48,31.227,7,0
646,121.468,31.206,3,0
647,121.434,31.167,1,0
648,121.42,31.198,7,0
649,121.446,31.212,3,0
650,121.487,31.237,3,0
651,121.377,31.271,4,0
652,121.476,31.233,2,0
653,121.474,31.218,2,0
654,121.439,31.215,2,0
655,121.535,31.288,5,0
656,121.542,31.286,2,0
657,121.6,31.206,0,0
658,121.506,31.192,2,0
659,121.477,31.251,4,0
660,121.534,31.277,0,0
661,121.474,31.304,4,0
662,121.415,31.219,3,0
663,121.393,31.149,5,0
664,121.473,31.219,0,0
665,121.522,31.312,6,0
666,121.433,31.238,3,0
667,121.479,31.204,3,0
668,121.475,31.296,5,0
669,121.486,31.273,3,0
670,121.421,31.279,5,0
671,121.543,31.275,4,0
672,121.402,31.264,5,0
673,121.434,31.168,3,0
674,121.447,31.199,3,0
675,121.418,31.265,1,0
676,121.483,31.32,1,0
677,121.413,31.186,2,0
678,121.385,31.166,0,0
679,121.517,31.274,6,0
680,121.434,31.167,5,0
681,121.471,31.244,3,0
682,121.466,31.256,0,0
683,121.434,31.237,7,0
684,121.527,31.328,3,0
685,121.358,31.218,0,0
686,121.581,31.241,7,0
687,121.488,31.22,4,0
688,121.459,31.332,3,0
689,121.518,31.251,5,0
690,121.54,31.328,4,0
691,121.444,31.179,4,0
692,121.442,31.187,5,0
693,121.39,31.268,0,0
694,121.482,31.219,2,0
695,121.466,31.267,4,0
696,121.367,31.237,2,0
697,121.508,31.288,5,0
698,121.403,31.163,4,0
699,121.512,31.259,5,0
700,121.439,31.297,0,0
701,121.396,31.165,2,0
702,121.484,31.25,0,0
703,121.508,31.303,5,0
704,121.385,31.212,7,0
705,121.446,31.187,5,0
706,121.484,31.227,6,0
707,121.483,31.32,0,0
708,121.398,31.294,0,0
709,121.513,31.302,3,0
710,121.517,31.317,4,0
711,121.466,31.21,5,0
712,121.432,31.199,4,0
713,121.483,31.223,0,0
714,121.458,31.152,6,0
715,121.489,31.27,7,0
716,121.438,31.176,0,0
717,121.424,31.221,7,0
718,121.549,31.289,1,0
719,121.446,31.32,0,0
720,121.424,31.211,4,0
721,121.399,31.202,5,0
722,121.423,31.237,7,0
723,121.478,31.206,5,0
724,121.448,31.307,0,0
725,121.454,31.119,7,0
726,121.431,31.309,5,0
727,121.484,31.257,5,0
728,121.476,31.296,0,0
729,121.43,31.203,0,0
730,121.416,31.283,0,0
731,121.482,31.218,5,0
732,121.556,31.245,7,0
733,121.5,31.256,3,0
734,121.531,31.311,7,0
735,121.483,31.293,4,0
736,121.411,31.209,2,0
737,121.497,31.255,2,0
738,121.49,31.245,7,0
739,121.481,31.227,7,0
740,121.488,31.203,3,0
741,121.437,31.191,4,0
742,121.541,31.307,5,0
743,121.459,31.231,0,0
744,121.391,31.255,5,0
745,121.501,31.279,5,0
746,121.313,31.202,5,0
747,121.404,31.164,4,0
748,121.474,31.245,0,0
749,121.39,31.269,2,0
750,121.523,31.214,7,0
751,121.313,31.271,7,0
752,121.531,31.302,3,0
753,121.377,31.271,3,0
754,121.499,31.29,5,0
755,121.488,31.252,0,0
756,121.404,31.239,3,0
757,121.486,31.233,3,0
758,121.441,31.188,0,0
759,121.393,31.248,5,0
760,121.361,31.135,5,0
761,121.514,31.277,3,0
762,121.539,31.311,4,0
763,121.489,31.247,7,0
764,121.465,31.257,7,0
765,121.542,31.267,5,0
766,121.518,31.21,0,0
767,121.491,31.23,5,0
768,121.411,31.23,5,0
769,121.49,31.312,7,0
770,121.531,31.323,3,0
771,121.484,31.236,5,0
772,121.446,31.181,3,0
773,121.356,31.249,5,0
774,121.514,31.222,4,0
775,121.479,31.221,2,0
776,121.479,31.395,5,0
777,121.443,31.28,7,0
778,121.486,31.236,7,0
779,121.418,31.195,5,0
780,121.402,31.171,0,0
781,121.489,31.249,5,0
782,121.374,31.171,1,0
783,121.398,31.299,7,0
784,121.448,31.264,4,0
785,121.51,31.306,3,0
786,121.458,31.22,5,0
787,121.448,31.222,0,0
788,121.455,31.223,4,0
789,121.482,31.201,7,0
790,121.441,31.195,2,0
791,121.447,31.215,1,0
792,121.513,31.303,5,0
793,121.501,31.275,0,0
794,121.41,31.169,4,0
795,121.482,31.289,0,0
796,121.471,31.199,4,0
797,121.482,31.201,2,0
798,121.481,31.27,0,0
799,121.455,31.207,2,0
800,121.425,31.15,3,0
801,121.456,31.215,5,0
802,121.366,31.251,5,0
803,121.403,31.301,5,0
804,121.393,31.232,7,0
805,121.466,31.266,7,0
806,121.405,31.219,1,0
807,121.391,31.275,0,0
808,121.446,31.23,4,0
809,121.398,31.195,5,0
810,121.514,31.303,7,0
811,121.348,31.282,5,0
812,121.493,31.261,2,0
813,121.54,31.293,5,0
814,121.468,31.258,2,0
815,121.485,31.254,4,0
816,121.497,31.29,7,0
817,121.426,31.182,0,0
818,121.473,31.218,7,0
819,121.442,31.185,6,0
820,121.417,31.215,7,0
821,121.49,31.219,3,0
822,121.526,31.334,0,0
823,121.468,31.252,5,0
824,121.409,31.283,5,0
825,121.526,31.305,4,0
826,121.406,31.172,5,0
827,121.418,31.236,2,0
828,121.562,31.212,7,0
829,121.5,31.28,5,0
830,121.483,31.236,3,0
831,121.447,31.191,1,0
832,121.421,31.284,1,0
833,121.507,31.288,7,0
834,121.427,31.255,5,0
835,121.379,31.185,2,0
836,121.421,31.214,4,0
837,121.448,31.247,5,0
838,121.473,31.236,7,0
839,121.424,31.151,7,0
840,121.433,31.354,7,0
841,121.479,31.27,0,0
842,121.437,31.199,1,0
843,121.399,31.291,5,0
844,121.449,31.187,0,0
845,121.507,31.264,0,0
846,121.38,31.214,3,0
847,121.446,31.229,5,0
848,121.455,31.19,7,0
849,121.419,31.214,5,0
850,121.491,31.185,5,0
851,121.506,31.321,0,0
852,121.423,31.188,4,0
853,121.461,31.189,0,0
854,121.432,31.25,2,0
855,121.423,31.249,5,0
856,121.38,31.277,5,0
857,121.413,31.185,7,0
858,121.48,31.295,4,0
859,121.525,31.26,1,0
860,121.477,31.199,5,0
861,121.423,31.264,5,0
862,121.474,31.199,5,0
863,121.418,31.173,2,0
864,121.487,31.289,7,0
865,121.463,31.181,7,0
866,121.407,31.25,0,0
867,121.426,31.223,5,0
868,121.524,31.213,7,0
869,121.52,31.294,4,0
870,121.545,31.279,4,0
871,121.506,31.329,1,0
872,121.484,31.315,5,0
873,121.356,31.227,1,0
874,121.481,31.287,5,0
875,121.463,31.198,7,0
876,121.511,31.192,0,0
877,121.41,31.227,4,0
878,121.438,31.191,1,0
879,121.492,31.221,3,0
880,121.489,31.294,2,0
881,121.53,31.257,0,0
882,121.381,31.232,7,0
883,121.441,31.214,0,0
884,121.381,31.232,5,0
885,121.415,31.244,5,0
886,121.413,31.185,0,0
887,121.413,31.304,1,0
888,121.457,31.297,0,0
889,121.452,31.245,4,0
890,121.438,31.304,5,0
891,121.387,31.169,0,0
892,121.38,31.222,0,0
893,121.458,31.201,7,0
894,121.449,31.304,3,0
895,121.532,31.305,0,0
896,121.485,31.302,3,0
897,121.488,31.235,0,0
898,121.384,31.102,5,0
899,121.454,31.232,3,0
900,121.45,31.31,3,0
901,121.39,31.245,5,0
902,121.466,31.266,5,0
903,121.55,31.267,4,0
904,121.387,31.31,0,0
905,121.427,31.291,5,0
906,121.446,31.319,5,0
907,121.459,31.264,5,0
908,121.547,31.264,7,0
909,121.512,31.302,4,0
910,121.509,31.303,5,0
911,121.473,31.283,4,0
912,121.513,31.14,5,0
913,121.468,31.258,1,0
914,121.446,31.289,3,0
915,121.369,31.266,7,0
916,121.522,31.325,2,0
917,121.482,31.202,0,0
918,121.406,31.205,1,0
919,121.545,31.275,0,0
920,121.46,31.306,0,0
921,121.455,31.244,3,0
922,121.471,31.27,3,0
923,121.498,31.272,5,0
924,121.365,31.259,7,0
925,121.382,31.246,5,0
926,121.547,31.29,5,0
927,121.408,31.177,0,0
928,121.384,31.241,7,0
929,121.531,31.318,4,0
930,121.423,31.273,5,0
931,121.396,31.294,5,0
932,121.444,31.24,4,0
933,121.36,31.092,5,0
934,121.464,31.207,6,0
935,121.492,31.303,5,0
936,121.434,31.174,5,0
937,121.443,31.232,4,0
938,121.412,31.23,3,0
939,121.533,31.331,7,0
940,121.353,31.164,5,0
941,121.494,31.216,3,0
942,121.456,31.313,5,0
943,121.484,31.264,5,0
944,121.501,31.257,7,0
945,121.465,31.249,3,0
946,121.383,31.232,4,0
947,121.434,31.174,1,0
948,121.382,31.161,0,0
949,121.539,31.279,4,0
950,121.44,31.209,2,0
951,121.514,31.303,7,0
952,121.437,31.236,5,0
953,121.381,31.137,1,0
954,121.491,31.265,1,0
955,121.531,31.323,7,0
956,121.501,31.286,5,0
957,121.396,31.274,0,0
958,121.437,31.196,0,0
959,121.557,31.273,2,0
960,121.45,31.219,5,0
961,121.442,31.282,3,0
962,121.515,31.303,0,0
963,121.511,31.306,5,0
964,121.352,31.256,5,0
965,121.356,31.123,0,0
966,121.489,31.244,3,0
967,121.527,31.219,0,0
968,121.407,31.197,0,0
969,121.384,31.166,1,0
970,121.49,31.245,0,0
971,121.439,31.245,7,0
972,121.411,31.164,3,0
973,121.444,31.208,2,0
974,121.522,31.342,2,0
975,121.498,31.281,4,0
976,121.444,31.247,4,0
977,121.532,31.284,7,0
978,121.402,31.264,0,0
979,121.373,31.272,7,0
980,121.529,31.263,4,0
981,121.542,31.275,5,0
982,121.451,31.18,5,0
983,121.378,31.26,0,0
984,121.49,31.249,3,0
985,121.504,31.286,5,0
986,121.403,31.164,7,0
987,121.339,31.149,5,0
988,121.515,31.077,7,0
989,121.469,31.219,7,0
990,121.504,31.207,5,0
991,121.385,31.164,4,0
992,121.382,31.27,7,0
993,121.393,31.231,0,0
994,121.358,31.218,3,0
995,121.455,31.199,5,0
996,121.483,31.32,5,0
997,121.437,31.293,0,0
998,121.492,31.293,0,0
999,121.582,31.272,1,0
1000,121.508,31.312,5,0
1001,121.5,31.239,5,0
1002,121.435,31.265,2,0
1003,121.533,31.268,7,0
1004,121.437,31.116,1,0
1005,121.443,31.186,4,0
1006,121.404,31.206,7,0
1007,121.411,31.15,3,0
1008,121.494,31.285,0,0
1009,121.452,31.172,4,0
1010,121.486,31.245,0,0
1011,121.436,31.16,5,0
1012,121.475,31.323,4,0
1013,121.456,31.298,5,0
1014,121.369,31.168,5,0
1015,121.483,31.297,1,0
1016,121.473,31.211,5,0
1017,121.479,31.261,5,0
1018,121.474,31.198,2,0
1019,121.419,31.275,5,0
1020,121.504,31.254,5,0
1021,121.5,31.261,0,0
1022,121.519,31.155,7,0
1023,121.483,31.405,2,0
1024,121.438,31.155,5,0
1025,121.485,31.292,7,0
1026,121.38,31.221,2,0
1027,121.49,31.202,0,0
1028,121.431,31.136,4,0
1029,121.535,31.314,5,0
1030,121.414,31.16,3,0
1031,121.484,31.208,0,0
1032,121.506,31.33,5,0
1033,121.476,31.307,5,0
1034,121.483,31.248,2,0
1035,121.447,31.319,3,0
1036,121.509,31.309,0,0
1037,121.513,31.302,5,0
1038,121.509,31.288,0,0
1039,121.487,31.251,7,0
1040,121.487,31.26,3,0
1041,121.451,31.279,0,0
1042,121.527,31.324,2,0
1043,121.505,31.219,0,0
1044,121.353,31.165,5,0
1045,121.432,31.15,7,0
1046,121.44,31.193,4,0
1047,121.456,31.271,5,0
1048,121.46,31.235,2,0
1049,121.508,31.256,0,0
1050,121.385,31.167,3,0
1051,121.486,31.23,0,0
1052,121.51,31.261,0,0
1053,121.414,31.199,1,0
1054,121.373,31.322,4,0
1055,121.535,31.288,5,0
1056,121.439,31.236,5,0
1057,121.477,31.206,0,0
1058,121.444,31.298,0,0
1059,121.397,31.265,3,0
1060,121.412,31.191,3,0
1061,121.452,31.249,4,0
1062,121.509,31.307,2,0
1063,121.47,31.242,7,0
1064,121.412,31.151,3,0
1065,121.509,31.307,5,0
1066,121.381,31.314,7,0
1067,121.543,31.274,0,0
1068,121.486,31.23,5,0
1069,121.452,31.209,5,0
1070,121.406,31.269,5,0
1071,121.354,31.283,5,0
1072,121.398,31.171,0,0
1073,121.484,31.218,4,0
1074,121.514,31.303,4,0
1075,121.465,31.244,0,0
1076,121.483,31.29,5,0
1077,121.459,31.258,5,0
1078,121.431,31.293,3,0
1079,121.501,31.289,5,0
1080,121.377,31.272,4,0
1081,121.514,31.307,0,0
1082,121.412,31.142,7,0
1083,121.422,31.194,4,0
1084,121.471,31.302,0,0
1085,121.517,31.302,1,0
1086,121.474,31.263,3,0
1087,121.441,31.241,5,0
1088,121.531,31.323,7,0
1089,121.488,31.262,7,0
1090,121.431,31.252,7,0
1091,121.483,31.32,5,0
1092,121.441,31.331,7,0
1093,121.536,31.212,0,0
1094,121.509,31.308,0,0
1095,121.539,31.258,4,0
1096,121.394,31.221,0,0
1097,121.412,31.142,7,0
1098,121.507,31.282,3,0
1099,121.439,31.34,7,0
1100,121.469,31.227,3,0
1101,121.499,31.286,4,0
1102,121.479,31.311,4,0
1103,121.445,31.323,7,0
1104,121.428,31.21,5,0
1105,121.476,31.178,0,0
1106,121.403,31.309,5,0
1107,121.465,31.306,7,0
1108,121.531,31.323,3,0
1109,121.488,31.214,3,0
1110,121.417,31.293,0,0
1111,121.545,31.275,7,0
1112,121.482,31.202,5,0
1113,121.41,31.221,0,0
1114,121.413,31.196,3,0
1115,121.477,31.261,1,0
1116,121.403,31.199,7,0
1117,121.409,31.185,7,0
1118,121.521,31.29,5,0
1119,121.364,31.22,7,0
1120,121.499,31.308,2,0
1121,121.427,31.186,5,0
1122,121.431,31.215,5,0
1123,121.484,31.32,3,0
1124,121.537,31.301,6,0
1125,121.497,31.339,5,0
1126,121.38,31.194,0,0
1127,121.505,31.308,5,0
1128,121.422,31.215,5,0
1129,121.483,31.32,7,0
1130,121.438,31.277,0,0
1131,121.374,31.175,0,0
1132,121.5,31.212,5,0
1133,121.451,31.205,4,0
1134,121.494,31.335,7,0
1135,121.61,31.291,0,0
1136,121.407,31.233,7,0
1137,121.433,31.196,4,0
1138,121.516,31.303,1,0
1139,121.475,31.252,5,0
1140,121.506,31.329,5,0
1141,121.371,31.255,7,0
1142,121.451,31.234,0,0
1143,121.503,31.267,7,0
1144,121.513,31.303,5,0
1145,121.483,31.238,3,0
1146,121.492,31.148,7,0
1147,121.444,31.169,7,0
1148,121.466,31.194,3,0
1149,121.467,31.205,0,0
1150,121.478,31.2,0,0
1151,121.431,31.235,7,0
1152,121.509,31.289,2,0
1153,121.431,31.193,7,0
1154,121.543,31.274,5,0
1155,121.41,31.196,5,0
1156,121.513,31.303,1,0
1157,121.437,31.313,7,0
1158,121.417,31.215,2,0
1159,121.412,31.228,3,0
1160,121.49,31.317,1,0
1161,121.489,31.331,7,0
1162,121.53,31.314,5,0
1163,121.503,31.319,1,0
1164,121.522,31.29,0,0
1165,121.447,31.318,2,0
1166,121.353,31.283,5,0
1167,121.463,31.168,2,0
1168,121.405,31.218,4,0
1169,121.505,31.262,5,0
1170,121.52,31.321,0,0
1171,121.482,31.233,4,0
1172,121.453,31.235,1,0
1173,121.397,31.145,3,0
1174,121.421,31.264,7,0
1175,121.534,31.287,3,0
1176,121.536,31.206,3,0
1177,121.433,31.202,5,0
1178,121.381,31.194,7,0
1179,121.44,31.247,0,0
1180,121.365,31.277,5,0
1181,121.538,31.261,3,0
1182,121.336,31.241,7,0
1183,121.403,31.184,7,0
1184,121.443,31.232,7,0
1185,121.42,31.255,3,0
1186,121.437,31.287,5,0
1187,121.452,31.28,0,0
1188,121.421,31.124,5,0
1189,121.498,31.216,5,0
1190,121.379,31.18,7,0
1191,121.461,31.308,7,0
1192,121.467,31.244,0,0
1193,121.475,31.255,5,0
1194,121.439,31.34,7,0
1195,121.455,31.218,5,0
1196,121.469,31.293,2,0
1197,121.515,31.302,5,0
1198,121.425,31.194,4,0
1199,121.439,31.215,7,0
1200,121.427,31.291,4,0
1201,121.506,31.321,5,0
1202,121.489,31.216,1,0
1203,121.397,31.329,7,0
1204,121.559,31.225,5,0
1205,121.459,31.159,3,0
1206,121.506,31.329,7,0
1207,121.444,31.187,6,0
1208,121.509,31.304,0,0
1209,121.54,31.278,3,0
1210,121.44,31.263,2,0
1211,121.479,31.27,3,0
1212,121.434,31.256,5,0
1213,121.519,31.292,2,0
1214,121.486,31.387,2,0
1215,121.43,31.221,4,0
1216,121.498,31.218,4,0
1217,121.471,31.193,7,0
1218,121.363,31.182,0,0
1219,121.387,31.355,5,0
1220,121.508,31.312,7,0
1221,121.501,31.275,0,0
1222,121.421,31.132,0,0
1223,121.514,31.252,7,0
1224,121.396,31.172,5,0
1225,121.489,31.24,3,0
1226,121.335,31.155,7,0
1227,121.521,31.275,7,0
1228,121.418,31.175,4,0
1229,121.418,31.17,7,0
1230,121.476,31.233,5,0
1231,121.436,31.27,3,0
1232,121.418,31.203,4,0
1233,121.518,31.275,5,0
1234,121.506,31.251,2,0
1235,121.434,31.174,0,0
1236,121.401,31.237,7,0
1237,121.443,31.198,5,0
1238,121.438,31.176,7,0
1239,121.452,31.26,5,0
1240,121.404,31.22,3,0
1241,121.485,31.306,3,0
1242,121.401,31.132,4,0
1243,121.515,31.273,7,0
1244,121.366,31.111,4,0
1245,121.448,31.324,3,0
1246,121.453,31.236,4,0
1247,121.532,31.319,5,0
1248,121.467,31.27,3,0
1249,121.41,31.227,0,0
1250,121.487,31.227,3,0
1251,121.419,31.161,5,0
1252,121.534,31.262,7,0
1253,121.48,31.227,7,0
1254,121.458,31.297,5,0
1255,121.463,31.256,6,0
1256,121.407,31.121,3,0
1257,121.343,31.143,0,0
1258,121.484,31.238,0,0
1259,121.453,31.17,7,0
1260,121.454,31.107,5,0
1261,121.461,31.257,1,0
1262,121.413,31.195,3,0
1263,121.474,31.283,5,0
1264,121.442,31.178,7,0
1265,121.471,31.306,7,0
1266,121.357,31.225,7,0
1267,121.455,31.27,4,0
1268,121.521,31.315,1,0
1269,121.453,31.202,5,0
1270,121.486,31.3,6,0
1271,121.531,31.323,7,0
1272,121.51,31.261,7,0
1273,121.472,31.24,7,0
1274,121.473,31.273,4,0
1275,121.405,31.127,5,0
1276,121.471,31.321,3,0
1277,121.438,31.24,0,0
1278,121.413,31.265,3,0
1279,121.496,31.249,7,0
1280,121.406,31.159,5,0
1281,121.438,31.34,3,0
1282,121.368,31.249,1,0
1283,121.478,31.232,5,0
1284,121.532,31.296,7,0
1285,121.464,31.216,0,0
1286,121.383,31.247,7,0
1287,121.446,31.183,7,0
1288,121.42,31.177,3,0
1289,121.451,31.298,2,0
1290,121.329,31.291,5,0
1291,121.515,31.301,7,0
1292,121.535,31.27,2,0
1293,121.44,31.23,4,0
1294,121.461,31.198,4,0
1295,121.506,31.321,2,0
1296,121.531,31.323,7,0
1297,121.48,31.209,5,0
1298,121.481,31.21,3,0
1299,121.539,31.321,5,0
1300,121.405,31.283,4,0
1301,121.508,31.268,0,0
1302,121.381,31.29,0,0
1303,121.505,31.32,3,0
1304,121.552,31.173,4,0
1305,121.539,31.277,5,0
1306,121.54,31.328,5,0
1307,121.47,31.306,4,0
1308,121.487,31.227,6,0
1309,121.388,31.262,0,0
1310,121.511,31.347,5,0
1311,121.367,31.215,0,0
1312,121.315,31.293,7,0
1313,121.467,31.22,1,0
1314,121.537,31.258,0,0
1315,121.443,31.238,7,0
1316,121.526,31.278,5,0
1317,121.454,31.153,4,0
1318,121.42,31.177,5,0
1319,121.512,31.26,0,0
1320,121.427,31.137,7,0
1321,121.385,31.284,3,0
1322,121.411,31.304,5,0
1323,121.349,31.158,5,0
1324,121.515,31.313,0,0
1325,121.515,31.303,3,0
1326,121.482,31.295,7,0
1327,121.505,31.32,3,0
1328,121.521,31.291,3,0
1329,121.411,31.28,4,0
1330,121.427,31.251,3,0
1331,121.52,31.267,0,0
1332,121.353,31.172,5,0
1333,121.427,31.222,5,0
1334,121.438,31.246,0,0
1335,121.533,31.276,5,0
1336,121.446,31.118,0,0
1337,121.435,31.324,1,0
1338,121.434,31.229,7,0
1339,121.416,31.207,4,0
1340,121.524,31.328,0,0
1341,121.381,31.133,4,0
1342,121.532,31.32,5,0
1343,121.539,31.281,5,0
1344,121.449,31.154,0,0
1345,121.424,31.255,7,0
1346,121.407,31.235,4,0
1347,121.495,31.207,7,0
1348,121.492,31.221,4,0
1349,121.449,31.214,3,0
1350,121.518,31.275,3,0
1351,121.394,31.276,5,0
1352,121.437,31.341,0,0
1353,121.552,31.173,6,0
1354,121.5,31.261,6,0
1355,121.525,31.331,1,0
1356,121.466,31.328,5,0
1357,121.477,31.291,5,0
1358,121.482,31.295,1,0
1359,121.546,31.326,5,0
1360,121.433,31.266,5,0
1361,121.505,31.297,2,0
1362,121.483,31.262,4,0
1363,121.536,31.256,5,0
1364,121.452,31.183,0,0
1365,121.536,31.328,0,0
1366,121.457,31.214,4,0
1367,121.493,31.287,7,0
1368,121.463,31.181,2,0
1369,121.515,31.307,0,0
1370,121.454,31.261,4,0
1371,121.365,31.227,5,0
1372,121.471,31.296,2,0
1373,121.402,31.209,7,0
1374,121.536,31.285,0,0
1375,121.411,31.151,7,0
1376,121.474,31.215,5,0
1377,121.527,31.318,1,0
1378,121.477,31.199,0,0
1379,121.535,31.3,3,0
1380,121.495,31.327,4,0
1381,121.455,31.186,4,0
1382,121.528,31.321,7,0
1383,121.475,31.232,3,0
1384,121.386,31.292,0,0
1385,121.491,31.253,5,0
1386,121.511,31.198,0,0
1387,121.466,31.267,6,0
1388,121.419,31.175,5,0
1389,121.474,31.334,5,0
1390,121.523,31.213,5,0
1391,121.488,31.304,7,0
1392,121.369,31.19,0,0
1393,121.365,31.222,7,0
1394,121.447,31.257,3,0
1395,121.463,31.209,0,0
1396,121.482,31.232,7,0
1397,121.429,31.193,0,0
1398,121.428,31.228,5,0
1399,121.479,31.227,3,0
1400,121.479,31.227,3,0
1401,121.538,31.329,5,0
1402,121.412,31.231,4,0
1403,121.427,31.173,7,0
1404,121.441,31.191,4,0
1405,121.525,31.323,5,0
1406,121.421,31.215,7,0
1407,121.531,31.323,6,0
1408,121.423,31.171,5,0
1409,121.459,31.226,0,0
1410,121.483,31.26,4,0
1411,121.479,31.22,5,0
1412,121.536,31.328,1,0
1413,121.406,31.147,4,0
1414,121.422,31.139,0,0
1415,121.414,31.153,5,0
1416,121.429,31.203,0,0
1417,121.447,31.19,0,0
1418,121.423,31.281,0,0
1419,121.428,31.259,7,0
1420,121.468,31.263,5,0
1421,121.436,31.236,0,0
1422,121.334,31.157,2,0
1423,121.488,31.311,3,0
1424,121.48,31.297,5,0
1425,121.433,31.168,0,0
1426,121.443,31.207,5,0
1427,121.452,31.194,4,0
1428,121.555,31.306,0,0
1429,121.451,31.255,7,0
1430,121.51,31.273,1,0
1431,121.44,31.258,0,0
1432,121.475,31.209,5,0
1433,121.494,31.251,7,0
1434,121.491,31.288,4,0
1435,121.539,31.321,2,0
1436,121.398,31.069,3,0
1437,121.478,31.232,0,0
1438,121.441,31.306,5,0
1439,121.36,31.241,2,0
1440,121.381,31.313,7,0
1441,121.527,31.21,3,0
1442,121.422,31.253,7,0
1443,121.454,31.217,2,0
1444,121.403,31.166,4,0
1445,121.428,31.276,5,0
1446,121.402,31.284,5,0
1447,121.451,31.258,2,0
1448,121.49,31.295,7,0
1449,121.437,31.313,7,0
1450,121.522,31.329,3,0
1451,121.49,31.331,7,0
1452,121.531,31.314,2,0
1453,121.421,31.285,5,0
1454,121.486,31.211,5,0
1455,121.478,31.265,7,0
1456,121.452,31.298,5,0
1457,121.555,31.306,0,0
1458,121.411,31.303,5,0
1459,121.491,31.279,6,0
1460,121.437,31.233,5,0
1461,121.34,31.219,6,0
1462,121.545,31.285,5,0
1463,121.45,31.251,2,0
1464,121.48,31.298,3,0
1465,121.497,31.29,5,0
1466,121.446,31.327,5,0
1467,121.516,31.305,4,0
1468,121.41,31.233,5,0
1469,121.469,31.249,0,0
1470,121.438,31.167,1,0
1471,121.513,31.291,1,0
1472,121.448,31.141,4,0
1473,121.489,31.258,4,0
1474,121.429,31.246,5,0
1475,121.5,31.17,3,0
1476,121.388,31.133,1,0
1477,121.498,31.216,7,0
1478,121.493,31.387,5,0
1479,121.401,31.154,0,0
1480,121.459,31.192,5,0
1481,121.495,31.279,0,0
1482,121.411,31.267,5,0
1483,121.524,31.328,5,0
1484,121.531,31.323,0,0
1485,121.465,31.24,3,0
1486,121.441,31.281,6,0
1487,121.507,31.33,7,0
1488,121.471,31.292,2,0
1489,121.459,31.189,0,0
1490,121.468,31.258,2,0
1491,121.529,31.296,7,0
1492,121.546,31.312,5,0
1493,121.488,31.325,5,0
1494,121.493,31.196,7,0
1495,121.452,31.207,3,0
1496,121.49,31.276,5,0
1497,121.451,31.217,7,0
1498,121.56,31.225,0,0
1499,121.53,31.284,5,0
1500,121.448,31.331,4,0
1501,121.545,31.282,3,0
1502,121.551,31.247,3,0
1503,121.472,31.318,0,0
1504,121.409,31.232,0,0
1505,121.479,31.198,2,0
1506,121.506,31.277,0,0
1507,121.381,31.244,7,0
1508,121.356,31.249,7,0
1509,121.463,31.254,3,0
1510,121.396,31.269,1,0
1511,121.33,31.226,7,0
1512,121.413,31.16,0,0
1513,121.55,31.29,5,0
1514,121.531,31.328,4,0
1515,121.436,31.265,3,0
1516,121.512,31.273,5,0
1517,121.405,31.27,3,0
1518,121.46,31.323,3,0
1519,121.446,31.17,5,0
1520,121.527,31.262,0,0
1521,121.401,31.133,0,0
1522,121.376,31.31,2,0
1523,121.452,31.275,0,0
1524,121.503,31.308,0,0
1525,121.437,31.371,2,0
1526,121.413,31.16,0,0
1527,121.457,31.173,5,0
1528,121.517,31.337,5,0
1529,121.528,31.278,2,0
1530,121.531,31.323,1,0
1531,121.47,31.287,2,0
1532,121.432,31.189,5,0
1533,121.411,31.165,3,0
1534,121.49,31.312,5,0
1535,121.443,31.216,7,0
1536,121.464,31.182,5,0
1537,121.407,31.291,3,0
1538,121.527,31.328,7,0
1539,121.513,31.307,7,0
1540,121.319,31.288,1,0
1541,121.51,31.295,5,0
1542,121.478,31.226,4,0
1543,121.445,31.222,5,0
1544,121.469,31.205,0,0
1545,121.518,31.306,5,0
1546,121.512,31.258,0,0
1547,121.534,31.331,3,0
1548,121.507,31.216,5,0
1549,121.472,31.32,5,0
1550,121.485,31.278,1,0
1551,121.317,31.31,7,0
1552,121.518,31.332,0,0
1553,121.402,31.311,2,0
1554,121.383,31.251,4,0
1555,121.514,31.303,6,0
1556,121.414,31.271,0,0
1557,121.45,31.26,0,0
1558,121.471,31.193,0,0
1559,121.417,31.22,3,0
1560,121.481,31.212,5,0
1561,121.487,31.25,7,0
1562,121.496,31.265,7,0
1563,121.466,31.204,3,0
1564,121.421,31.279,0,0
1565,121.42,31.215,3,0
1566,121.438,31.196,1,0
1567,121.443,31.278,3,0
1568,121.463,31.181,5,0
1569,121.427,31.291,4,0
1570,121.436,31.205,7,0
1571,121.426,31.295,5,0
1572,121.463,31.219,0,0
1573,121.46,31.269,1,0
1574,121.507,31.282,5,0
1575,121.509,31.288,7,0
1576,121.373,31.158,5,0
1577,121.501,31.147,5,0
1578,121.422,31.266,4,0
1579,121.442,31.259,4,0
1580,121.434,31.205,3,0
1581,121.541,31.328,0,0
1582,121.427,31.287,3,0
1583,121.365,31.249,5,0
1584,121.493,31.213,4,0
1585,121.452,31.176,7,0
1586,121.553,31.28,7,0
1587,121.489,31.242,3,0
1588,121.457,31.317,3,0
1589,121.348,31.155,0,0
1590,121.47,31.191,3,0
1591,121.508,31.303,3,0
1592,121.488,31.332,0,0
1593,121.583,31.245,5,0
1594,121.425,31.163,4,0
1595,121.435,31.168,5,0
1596,121.439,31.244,3,0
1597,121.412,31.263,7,0
1598,121.491,31.203,7,0
1599,121.428,31.158,3,0
1600,121.531,31.306,5,0
1601,121.55,31.271,3,0
1602,121.437,31.227,2,0
1603,121.406,31.291,5,0
1604,121.459,31.192,2,0
1605,121.351,31.281,7,0
1606,121.4,31.238,5,0
1607,121.487,31.303,7,0
1608,121.409,31.314,7,0
1609,121.408,31.325,4,0
1610,121.367,31.228,0,0
1611,121.496,31.169,5,0
1612,121.483,31.274,3,0
1613,121.47,31.19,0,0
1614,121.489,31.255,2,0
1615,121.487,31.298,3,0
1616,121.498,31.305,5,0
1617,121.47,31.191,0,0
1618,121.459,31.254,7,0
1619,121.478,31.27,7,0
1620,121.535,31.3,2,0
1621,121.353,31.178,2,0
1622,121.482,31.258,4,0
1623,121.399,31.289,5,0
1624,121.455,31.31,1,0
1625,121.484,31.21,3,0
1626,121.364,31.26,3,0
1627,121.442,31.228,5,0
1628,121.488,31.276,5,0
1629,121.48,31.219,7,0
1630,121.46,31.187,3,0
1631,121.443,31.305,0,0
1632,121.451,31.274,7,0
1633,121.337,31.254,3,0
1634,121.514,31.307,5,0
1635,121.421,31.206,2,0
1636,121.514,31.318,2,0
1637,121.453,31.279,1,0
1638,121.48,31.26,5,0
1639,121.401,31.261,5,0
1640,121.4,31.231,3,0
1641,121.389,31.174,2,0
1642,121.391,31.141,5,0
1643,121.518,31.291,5,0
1644,121.458,31.323,4,0
1645,121.531,31.312,0,0
1646,121.423,31.201,7,0
1647,121.497,31.228,7,0
1648,121.542,31.311,5,0
1649,121.463,31.206,0,0
1650,121.457,31.183,7,0
1651,121.432,31.328,4,0
1652,121.549,31.228,5,0
1653,121.367,31.237,4,0
1654,121.455,31.318,0,0
1655,121.461,31.199,0,0
1656,121.362,31.214,0,0
1657,121.543,31.268,5,0
1658,121.397,31.257,3,0
1659,121.374,31.254,7,0
1660,121.439,31.23,2,0
1661,121.532,31.296,5,0
1662,121.471,31.258,5,0
1663,121.498,31.352,3,0
1664,121.476,31.282,3,0
1665,121.353,31.164,2,0
1666,121.454,31.22,5,0
1667,121.443,31.27,4,0
1668,121.514,31.277,7,0
1669,121.491,31.276,7,0
1670,121.46,31.314,0,0
1671,121.442,31.186,4,0
1672,121.494,31.22,5,0
1673,121.516,31.281,0,0
1674,121.542,31.228,4,0
1675,121.48,31.224,1,0
1676,121.319,31.29,7,0
1677,121.498,31.292,0,0
1678,121.468,31.253,7,0
1679,121.49,31.242,5,0
1680,121.421,31.255,7,0
1681,121.404,31.109,5,0
1682,121.458,31.185,4,0
1683,121.431,31.192,5,0
1684,121.505,31.268,5,0
1685,121.53,31.257,0,0
1686,121.506,31.161,0,0
1687,121.431,31.219,0,0
1688,121.498,31.213,4,0
1689,121.433,31.202,7,0
1690,121.43,31.196,5,0
1691,121.464,31.183,4,0
1692,121.533,31.299,0,0
1693,121.51,31.253,3,0
1694,121.464,31.183,4,0
1695,121.491,31.244,5,0
1696,121.437,31.193,5,0
1697,121.428,31.196,0,0
1698,121.355,31.295,2,0
1699,121.495,31.294,2,0
1700,121.369,31.182,7,0
1701,121.429,31.198,0,0
1702,121.526,31.323,5,0
1703,121.544,31.293,5,0
1704,121.394,31.266,5,0
1705,121.467,31.258,3,0
1706,121.533,31.298,5,0
1707,121.423,31.255,2,0
1708,121.421,31.279,0,0
1709,121.445,31.334,7,0
1710,121.473,31.3,2,0
1711,121.451,31.213,3,0
1712,121.4,31.261,0,0
1713,121.425,31.159,4,0
1714,121.499,31.308,3,0
1715,121.472,31.32,3,0
1716,121.412,31.199,1,0
1717,121.591,31.329,5,0
1718,121.476,31.238,7,0
1719,121.414,31.272,5,0
1720,121.455,31.271,0,0
1721,121.435,31.253,4,0
1722,121.421,31.26,4,0
1723,121.483,31.206,3,0
1724,121.451,31.28,4,0
1725,121.515,31.311,5,0
1726,121.459,31.195,7,0
1727,121.513,31.278,1,0
1728,121.515,31.272,4,0
1729,121.49,31.244,3,0
1730,121.555,31.275,2,0
1731,121.512,31.299,5,0
1732,121.49,31.244,3,0
1733,121.422,31.211,0,0
1734,121.454,31.308,0,0
1735,121.424,31.194,0,0
1736,121.364,31.248,5,0
1737,121.411,31.265,5,0
1738,121.487,31.233,0,0
1739,121.522,31.317,5,0
1740,121.454,31.241,3,0
1741,121.47,31.202,5,0
1742,121.525,31.316,3,1
1743,121.517,31.309,6,1
1744,121.387,31.103,3,1
1745,121.531,31.282,5,1
1746,121.427,31.26,5,1
1747,121.442,31.135,0,1
1748,121.393,31.099,5,1
1749,121.499,31.21,5,1
1750,121.51,31.253,7,1
1751,121.454,31.223,4,1
1752,121.434,31.173,5,1
1753,121.374,31.241,1,1
1754,121.375,31.316,7,1
1755,121.513,31.311,0,1
1756,121.513,31.266,0,1
1757,121.434,31.237,5,1
1758,121.486,31.338,7,1
1759,121.465,31.207,5,1
1760,121.41,31.235,5,1
1761,121.44,31.302,5,1
1762,121.513,31.311,0,1
1763,121.399,31.281,5,1
1764,121.462,31.198,7,1
1765,121.448,31.28,7,1
1766,121.348,31.289,3,1
1767,121.538,31.273,5,1
1768,121.427,31.177,4,1
1769,121.429,31.249,5,1
1770,121.494,31.211,5,1
1771,121.459,31.192,4,1
1772,121.458,31.331,2,1
1773,121.532,31.331,5,1
1774,121.358,31.208,5,1
1775,121.476,31.2,0,1
1776,121.45,31.325,7,1
1777,121.388,31.277,5,1
1778,121.438,31.255,4,1
1779,121.348,31.209,0,1
1780,121.403,31.285,5,1
1781,121.516,31.3,5,1
1782,121.491,31.331,7,1
1783,121.411,31.2,0,1
1784,121.32,31.24,0,1
1785,121.479,31.224,1,1
1786,121.485,31.319,2,1
1787,121.484,31.304,5,1
1788,121.431,31.152,7,1
1789,121.392,31.268,4,1
1790,121.446,31.187,3,1
1791,121.532,31.28,5,1
1792,121.442,31.178,0,1
1793,121.467,31.207,4,1
1794,121.51,31.261,0,1
1795,121.477,31.204,3,1
1796,121.531,31.306,7,1
1797,121.533,31.295,5,1
1798,121.519,31.274,1,1
1799,121.529,31.226,3,1
1800,121.504,31.211,0,1
1801,121.485,31.302,3,1
1802,121.518,31.275,0,1
1803,121.438,31.326,0,1
1804,121.472,31.209,4,1
1805,121.504,31.21,0,1
1806,121.553,31.279,3,1
1807,121.474,31.283,5,1
1808,121.381,31.194,0,1
1809,121.441,31.135,1,1
1810,121.49,31.277,0,1
1811,121.409,31.18,7,1
1812,121.538,31.313,5,1
1813,121.514,31.299,7,1
1814,121.457,31.237,5,1
1815,121.508,31.312,0,1
1816,121.373,31.322,5,1
1817,121.531,31.323,0,1
1818,121.433,31.201,4,1
1819,121.442,31.233,7,1
1820,121.402,31.264,0,1
1821,121.53,31.275,0,1
1822,121.418,31.167,3,1
1823,121.455,31.19,5,1
1824,121.485,31.319,2,1
1825,121.433,31.354,3,1
1826,121.534,31.324,7,1
1827,121.449,31.305,1,1
1828,121.538,31.322,0,1
1829,121.531,31.321,0,1
1830,121.529,31.274,5,1
1831,121.529,31.274,5,1
1832,121.507,31.313,0,1
1833,121.413,31.187,1,1
1834,121.538,31.324,5,1
1835,121.444,31.226,2,1
1836,121.506,31.321,3,1
1837,121.491,31.331,7,1
1838,121.507,31.329,0,1
1839,121.525,31.301,2,1
1840,121.364,31.132,6,1
1841,121.441,31.297,3,1
1842,121.486,31.307,0,1
1843,121.516,31.33,5,1
1844,121.441,31.132,0,1
1845,121.506,31.321,3,1
1846,121.546,31.314,5,1
1847,121.376,31.271,5,1
1848,121.523,31.267,0,1
1849,121.508,31.312,0,1
1850,121.477,31.207,5,1
1851,121.518,31.285,3,1
1852,121.43,31.368,5,1
1853,121.347,31.316,0,1
1854,121.404,31.131,0,1
1855,121.488,31.315,7,1
1856,121.489,31.202,7,1
1857,121.427,31.155,7,1
1858,121.531,31.315,2,1
1859,121.408,31.213,7,1
1860,121.451,31.293,0,1
1861,121.482,31.294,4,1
1862,121.373,31.321,5,1
1863,121.41,31.23,1,1
1864,121.537,31.301,2,1
1865,121.438,31.255,4,1
1866,121.441,31.193,5,1
1867,121.554,31.245,0,1
1868,121.338,31.252,3,1
1869,121.451,31.194,5,1
1870,121.47,31.19,2,1
1871,121.414,31.136,5,1
1872,121.511,31.281,5,1
1873,121.367,31.237,7,1
1874,121.343,31.249,5,1
1875,121.432,31.153,5,1
1876,121.517,31.21,5,1
1877,121.471,31.259,0,1
1878,121.536,31.289,5,1
1879,121.519,31.273,5,1
1880,121.533,31.182,1,1
1881,121.412,31.169,5,1
1882,121.473,31.194,2,1
1883,121.531,31.323,0,1
1884,121.543,31.274,3,1
1885,121.458,31.197,5,1
1886,121.413,31.142,7,1
1887,121.426,31.165,3,1
1888,121.406,31.254,5,1
1889,121.485,31.202,3,1
1890,121.477,31.252,7,1
1891,121.443,31.185,0,1
1892,121.416,31.293,3,1
1893,121.525,31.187,0,1
1894,121.485,31.313,4,1
1895,121.442,31.331,7,1
1896,121.489,31.246,5,1
1897,121.431,31.151,7,1
1898,121.542,31.332,0,1
1899,121.411,31.245,3,1
1900,121.42,31.196,5,1
1901,121.393,31.221,0,1
1902,121.322,31.296,7,1
1903,121.509,31.236,0,1
1904,121.507,31.286,3,1
1905,121.526,31.309,4,1
1906,121.48,31.275,0,1
1907,121.49,31.264,5,1
1908,121.502,31.306,4,1
1909,121.485,31.319,2,1
1910,121.356,31.309,2,1
1911,121.524,31.263,4,1
1912,121.496,31.27,5,1
1913,121.506,31.329,0,1
1914,121.406,31.167,0,1
1915,121.356,31.345,0,1
1916,121.485,31.319,2,1
1917,121.503,31.293,1,1
1918,121.53,31.263,0,1
1919,121.467,31.319,4,1
1920,121.502,31.221,2,1
1921,121.466,31.209,3,1
1922,121.455,31.201,3,1
1923,121.413,31.303,4,1
1924,121.441,31.331,0,1
1925,121.475,31.221,7,1
1926,121.535,31.26,0,1
1927,121.35,31.22,7,1
1928,121.396,31.187,0,1
1929,121.429,31.246,3,1
1930,121.397,31.249,4,1
1931,121.36,31.217,0,1
1932,121.475,31.296,4,1
1933,121.479,31.238,5,1
1934,121.421,31.285,2,1
1935,121.514,31.303,0,1
1936,121.39,31.269,0,1
1937,121.451,31.293,0,1
1938,121.47,31.19,2,1
1939,121.484,31.276,5,1
1940,121.5,31.261,7,1
1941,121.439,31.297,3,1
1942,121.538,31.314,5,1
1943,121.437,31.214,5,1
1944,121.47,31.21,6,1
1945,121.447,31.318,3,1
1946,121.417,31.172,4,1
1947,121.408,31.177,2,1
1948,121.367,31.237,7,1
1949,121.416,31.293,3,1
1950,121.488,31.201,0,1
1951,121.532,31.323,0,1
1952,121.417,31.217,4,1
1953,121.441,31.281,3,1
1954,121.377,31.271,5,1
1955,121.438,31.278,5,1
1956,121.428,31.182,7,1
1957,121.455,31.271,4,1
1958,121.486,31.3,1,1
1959,121.543,31.274,3,1
1960,121.463,31.193,0,1
1961,121.484,31.306,4,1
1962,121.489,31.259,0,1
1963,121.435,31.215,0,1
1964,121.484,31.319,1,1
1965,121.442,31.295,2,1
1966,121.525,31.331,3,1
1967,121.429,31.233,0,1
1968,121.415,31.19,0,1
1969,121.437,31.296,3,1
1970,121.536,31.3,5,1
1971,121.429,31.202,6,1
1972,121.427,31.287,5,1
1973,121.441,31.215,4,1
1974,121.457,31.234,0,1
1975,121.476,31.305,6,1
1976,121.424,31.194,7,1
1977,121.501,31.275,3,1
1978,121.531,31.217,5,1
1979,121.539,31.188,2,1
1980,121.384,31.239,5,1
1981,121.506,31.266,7,1
1982,121.533,31.295,5,1
1983,121.421,31.195,2,1
1984,121.403,31.168,2,1
1985,121.441,31.331,0,1
1986,121.522,31.324,4,1
1987,121.392,31.307,4,1
1988,121.509,31.297,1,1
1989,121.489,31.294,2,1
1990,121.351,31.256,1,1
1991,121.467,31.27,7,1
1992,121.391,31.269,7,1
1993,121.538,31.291,1,1
1994,121.429,31.275,5,1
1995,121.545,31.275,0,1
1996,121.354,31.285,7,1
1997,121.533,31.331,4,1
1998,121.505,31.285,0,1
1999,121.406,31.142,3,1
2000,121.438,31.279,1,1
2001,121.458,31.259,0,1
2002,121.407,31.133,7,1
2003,121.442,31.281,7,1
2004,121.441,31.214,6,1
2005,121.374,31.234,0,1
2006,121.452,31.247,2,1
2007,121.484,31.319,1,1
2008,121.459,31.249,2,1
2009,121.404,31.21,5,1
2010,121.448,31.198,7,1
2011,121.467,31.252,7,1
2012,121.476,31.238,7,1
2013,121.405,31.164,2,1
2014,121.482,31.32,1,1
2015,121.441,31.282,0,1
2016,121.415,31.244,2,1
2017,121.531,31.322,0,1
2018,121.435,31.178,7,1
2019,121.425,31.172,0,1
2020,121.342,31.252,4,1
2021,121.516,31.288,5,1
2022,121.532,31.26,2,1
2023,121.504,31.285,4,1
2024,121.499,31.29,4,1
2025,121.527,31.329,5,1
2026,121.512,31.28,7,1
2027,121.452,31.298,5,1
2028,121.52,31.308,4,1
2029,121.523,31.263,0,1
2030,121.485,31.302,3,1
2031,121.416,31.293,3,1
2032,121.533,31.217,7,1
2033,121.502,31.351,5,1
2034,121.366,31.124,3,1
2035,121.484,31.276,5,1
2036,121.512,31.259,7,1
2037,121.468,31.244,7,1
2038,121.395,31.173,0,1
2039,121.434,31.115,5,1
2040,121.347,31.267,5,1
2041,121.466,31.267,7,1
2042,121.459,31.229,7,1
2043,121.546,31.306,3,1
2044,121.441,31.281,3,1
2045,121.5,31.249,5,1
2046,121.458,31.26,0,1
2047,121.458,31.244,0,1
2048,121.421,31.234,7,1
2049,121.452,31.298,5,1
2050,121.38,31.234,2,1
2051,121.525,31.263,7,1
2052,121.442,31.21,5,1
2053,121.514,31.216,0,1
2054,121.502,31.252,0,1
2055,121.493,31.291,7,1
2056,121.45,31.283,7,1
2057,121.432,31.25,5,1
2058,121.516,31.319,3,1
2059,121.395,31.256,0,1
2060,121.35,31.281,5,1
2061,121.438,31.209,4,1
2062,121.453,31.238,5,1
2063,121.351,31.23,0,1
2064,121.391,31.233,2,1
2065,121.404,31.248,3,1
2066,121.532,31.26,2,1
2067,121.391,31.233,2,1
2068,121.506,31.329,0,1
2069,121.521,31.28,5,1
2070,121.52,31.297,0,1
2071,121.426,31.231,5,1
2072,121.359,31.226,0,1
2073,121.441,31.173,0,1
2074,121.334,31.242,1,1
2075,121.441,31.153,5,1
2076,121.484,31.32,2,1
2077,121.482,31.202,7,1
2078,121.439,31.277,2,1
2079,121.425,31.261,4,1
2080,121.544,31.274,7,1
2081,121.456,31.393,7,1
2082,121.501,31.261,0,1
2083,121.491,31.289,0,1
2084,121.51,31.306,7,1
2085,121.433,31.249,2,1
2086,121.485,31.291,2,1
2087,121.546,31.312,3,1
2088,121.492,31.231,5,1
2089,121.463,31.157,4,1
2090,121.485,31.249,3,1
2091,121.476,31.291,7,1
2092,121.507,31.308,2,1
2093,121.445,31.198,0,1
2094,121.447,31.318,3,1
2095,121.512,31.262,7,1
2096,121.483,31.255,0,1
2097,121.402,31.203,0,1
2098,121.489,31.294,2,1
2099,121.443,31.17,0,1
2100,121.425,31.183,3,1
2101,121.508,31.268,0,1
2102,121.498,31.216,7,1
2103,121.512,31.305,1,1
2104,121.339,31.149,0,1
2105,121.482,31.203,2,1
2106,121.403,31.208,3,1
2107,121.44,31.257,0,1
2108,121.466,31.266,7,1
2109,121.446,31.175,4,1
2110,121.506,31.264,7,1
2111,121.406,31.294,7,1
2112,121.449,31.187,4,1
2113,121.439,31.249,5,1
2114,121.506,31.329,0,1
2115,121.483,31.254,0,1
2116,121.417,31.239,0,1
2117,121.47,31.209,5,1
2118,121.513,31.273,0,1
2119,121.508,31.254,0,1
2120,121.542,31.27,5,1
2121,121.371,31.186,0,1
2122,121.362,31.231,4,1
2123,121.549,31.307,3,1
2124,121.463,31.219,5,1
2125,121.384,31.175,0,1
2126,121.419,31.275,4,1
2127,121.431,31.168,3,1
2128,121.403,31.171,2,1
2129,121.454,31.233,0,1
2130,121.516,31.26,0,1
2131,121.451,31.158,5,1
2132,121.4,31.261,7,1
2133,121.476,31.239,5,1
2134,121.396,31.163,3,1
2135,121.448,31.268,5,1
2136,121.461,31.249,0,1
2137,121.414,31.218,4,1
2138,121.528,31.279,7,1
2139,121.528,31.309,4,1
2140,121.446,31.193,7,1
2141,121.529,31.285,4,1
2142,121.528,31.278,7,1
2143,121.433,31.251,5,1
2144,121.328,31.249,7,1
2145,121.501,31.286,4,1
2146,121.348,31.155,5,1
2147,121.431,31.216,5,1
2148,121.495,31.294,0,1
2149,121.532,31.323,0,1
2150,121.453,31.298,0,1
2151,121.429,31.209,3,1
2152,121.485,31.306,5,1
2153,121.458,31.168,0,1
2154,121.46,31.23,0,1
2155,121.451,31.205,7,1
2156,121.527,31.309,4,1
2157,121.47,31.201,3,1
2158,121.45,31.205,7,1
2159,121.432,31.338,3,1
2160,121.533,31.295,5,1
2161,121.473,31.193,2,1
2162,121.436,31.194,0,1
2163,121.425,31.179,4,1
2164,121.498,31.358,3,1
2165,121.37,31.208,5,1
2166,121.461,31.233,2,1
2167,121.423,31.199,4,1
2168,121.383,31.175,0,1
2169,121.522,31.305,2,1
2170,121.483,31.256,4,1
2171,121.507,31.313,0,1
2172,121.402,31.174,2,1
2173,121.441,31.331,0,1
2174,121.502,31.286,0,1
2175,121.519,31.301,0,1
2176,121.6,31.202,5,1
2177,121.366,31.237,7,1
2178,121.402,31.165,0,1
2179,121.542,31.264,5,1
2180,121.443,31.239,7,1
2181,121.49,31.274,0,1
2182,121.436,31.137,0,1
2183,121.424,31.179,4,1
2184,121.555,31.28,2,1
2185,121.399,31.105,5,1
2186,121.406,31.136,4,1
2187,121.536,31.27,5,1
2188,121.379,31.194,4,1
2189,121.41,31.242,5,1
2190,121.526,31.287,5,1
2191,121.446,31.266,5,1
2192,121.41,31.222,7,1
2193,121.458,31.334,5,1
2194,121.438,31.216,2,1
2195,121.426,31.253,5,1
2196,121.466,31.197,0,1
2197,121.449,31.188,4,1
2198,121.429,31.209,3,1
2199,121.422,31.274,7,1
2200,121.444,31.289,4,1
2201,121.49,31.292,7,1
2202,121.534,31.29,2,1
2203,121.403,31.164,0,1
2204,121.482,31.201,2,1
2205,121.453,31.245,0,1
2206,121.537,31.264,1,1
2207,121.442,31.191,7,1
2208,121.412,31.156,7,1
2209,121.393,31.132,5,1
2210,121.404,31.165,0,1
2211,121.353,31.22,7,1
2212,121.423,31.268,5,1
2213,121.406,31.275,5,1
2214,121.524,31.309,5,1
2215,121.373,31.232,3,1
2216,121.458,31.267,7,1
2217,121.448,31.297,5,1
2218,121.451,31.205,7,1
2219,121.486,31.216,0,1
2220,121.427,31.229,4,1
2221,121.374,31.177,4,1
2222,121.439,31.155,3,1
2223,121.502,31.172,7,1
2224,121.42,31.201,5,1
2225,121.532,31.259,2,1
2226,121.438,31.176,0,1
2227,121.478,31.239,4,1
2228,121.403,31.164,0,1
2229,121.488,31.229,0,1
2230,121.44,31.228,0,1
2231,121.493,31.251,5,1
2232,121.482,31.202,7,1
2233,121.444,31.221,3,1
2234,121.45,31.236,5,1
2235,121.501,31.261,0,1
2236,121.55,31.271,5,1
2237,121.473,31.214,5,1
2238,121.366,31.256,0,1
2239,121.452,31.281,7,1
2240,121.53,31.263,0,1
2241,121.499,31.208,4,1
2242,121.438,31.34,6,1
2243,121.453,31.279,1,1
2244,121.547,31.264,6,1
2245,121.443,31.24,5,1
2246,121.459,31.195,0,1
2247,121.459,31.205,2,1
2248,121.478,31.307,4,1
2249,121.426,31.241,7,1
2250,121.439,31.206,3,1
2251,121.484,31.303,5,1
2252,121.447,31.161,7,1
2253,121.473,31.237,3,1
2254,121.347,31.137,2,1
2255,121.466,31.297,4,1
2256,121.31,31.215,5,1
2257,121.531,31.306,7,1
2258,121.544,31.232,5,1
2259,121.356,31.171,0,1
2260,121.351,31.149,0,1
2261,121.488,31.202,0,1
2262,121.467,31.263,0,1
2263,121.473,31.294,5,1
2264,121.441,31.368,5,1
2265,121.399,31.131,5,1
2266,121.444,31.17,0,1
2267,121.423,31.254,0,1
2268,121.524,31.324,3,1
2269,121.508,31.263,3,1
2270,121.431,31.336,2,1
2271,121.46,31.26,5,1
2272,121.388,31.186,0,1
2273,121.455,31.196,4,1
2274,121.39,31.209,7,1
2275,121.514,31.274,7,1
2276,121.519,31.237,0,1
2277,121.488,31.267,4,1
2278,121.381,31.232,7,1
2279,121.367,31.219,0,1
2280,121.457,31.225,0,1
2281,121.535,31.293,3,1
2282,121.421,31.284,5,1
2283,121.32,31.24,0,1
2284,121.477,31.291,7,1
2285,121.424,31.179,4,1
2286,121.467,31.304,3,1
2287,121.538,31.313,5,1
2288,121.35,31.281,5,1
2289,121.424,31.186,3,1
2290,121.507,31.257,5,1
2291,121.397,31.251,4,1
2292,121.537,31.264,1,1
2293,121.409,31.185,5,1
2294,121.489,31.233,3,1
2295,121.515,31.303,4,1
2296,121.416,31.215,4,1
2297,121.491,31.248,7,1
2298,121.449,31.219,3,1
2299,121.496,31.311,7,1
2300,121.505,31.283,0,1
2301,121.49,31.34,5,1
2302,121.52,31.312,0,1
2303,121.498,31.272,5,1
2304,121.529,31.274,5,1
2305,121.536,31.259,0,1
2306,121.473,31.268,2,1
2307,121.502,31.309,4,1
2308,121.479,31.265,7,1
2309,121.492,31.263,3,1
2310,121.542,31.218,0,1
2311,121.452,31.171,3,1
2312,121.354,31.223,0,1
2313,121.422,31.277,0,1
2314,121.479,31.212,3,1
2315,121.382,31.171,5,1
2316,121.416,31.141,7,1
2317,121.536,31.289,5,1
2318,121.479,31.266,0,1
2319,121.429,31.333,7,1
2320,121.443,31.156,7,1
2321,121.471,31.199,1,1
2322,121.47,31.204,2,1
2323,121.499,31.221,7,1
2324,121.486,31.246,0,1
2325,121.498,31.217,0,1
2326,121.358,31.244,0,1
2327,121.509,31.281,7,1
2328,121.465,31.267,7,1
2329,121.447,31.248,4,1
2330,121.438,31.192,5,1
2331,121.418,31.18,0,1
2332,121.437,31.295,3,1
2333,121.388,31.214,7,1
2334,121.475,31.323,1,1
2335,121.408,31.163,0,1
2336,121.48,31.279,0,1
2337,121.507,31.279,4,1
2338,121.419,31.192,5,1
2339,121.452,31.278,0,1
2340,121.447,31.214,3,1
2341,121.402,31.132,0,1
2342,121.442,31.282,7,1
2343,121.439,31.214,7,1
2344,121.473,31.223,0,1
2345,121.431,31.203,5,1
2346,121.459,31.333,0,1
2347,121.453,31.201,0,1
2348,121.626,31.26,2,1
2349,121.439,31.277,2,1
2350,121.421,31.152,5,1
2351,121.537,31.328,5,1
2352,121.483,31.206,0,1
2353,121.451,31.208,5,1
2354,121.427,31.182,2,1
2355,121.534,31.212,1,1
2356,121.474,31.328,5,1
2357,121.476,31.305,6,1
2358,121.524,31.193,5,1
2359,121.526,31.309,4,1
2360,121.49,31.248,3,1
2361,121.35,31.136,4,1
2362,121.522,31.261,7,1
2363,121.442,31.187,4,1
2364,121.463,31.203,3,1
2365,121.454,31.214,0,1
2366,121.429,31.21,2,1
2367,121.472,31.192,7,1
2368,121.518,31.275,0,1
2369,121.436,31.224,5,1
2370,121.46,31.22,1,1
2371,121.47,31.21,6,1
2372,121.396,31.229,3,1
2373,121.544,31.293,3,1
2374,121.535,31.26,0,1
2375,121.412,31.124,0,1
2376,121.402,31.234,7,1
2377,121.48,31.274,0,1
2378,121.538,31.264,2,1
2379,121.446,31.182,5,1
2380,121.464,31.193,0,1
2381,121.507,31.308,2,1
2382,121.326,31.299,5,1
2383,121.395,31.26,0,1
2384,121.434,31.211,4,1
2385,121.397,31.166,2,1
2386,121.486,31.213,7,1
2387,121.484,31.199,3,1
2388,121.437,31.16,1,1
2389,121.41,31.196,7,1
2390,121.429,31.209,3,1
2391,121.486,31.236,3,1
2392,121.382,31.283,4,1
2393,121.454,31.232,2,1
2394,121.48,31.225,2,1
2395,121.448,31.216,2,1
2396,121.54,31.298,5,1
2397,121.541,31.285,2,1
2398,121.599,31.213,0,1
2399,121.51,31.188,2,1
2400,121.454,31.271,4,1
2401,121.539,31.279,0,1
2402,121.475,31.3,4,1
2403,121.413,31.23,3,1
2404,121.382,31.152,5,1
2405,121.504,31.21,0,1
2406,121.516,31.309,6,1
2407,121.44,31.242,3,1
2408,121.474,31.215,3,1
2409,121.484,31.276,5,1
2410,121.481,31.306,3,1
2411,121.428,31.269,5,1
2412,121.546,31.297,4,1
2413,121.407,31.274,5,1
2414,121.431,31.162,3,1
2415,121.43,31.192,3,1
2416,121.411,31.272,1,1
2417,121.49,31.322,1,1
2418,121.382,31.176,2,1
2419,121.386,31.176,0,1
2420,121.525,31.267,6,1
2421,121.431,31.166,5,1
2422,121.455,31.245,3,1
2423,121.49,31.234,0,1
2424,121.435,31.238,7,1
2425,121.529,31.333,3,1
2426,121.351,31.23,0,1
2427,121.572,31.249,7,1
2428,121.483,31.222,4,1
2429,121.448,31.33,3,1
2430,121.543,31.261,5,1
2431,121.541,31.324,4,1
2432,121.431,31.189,4,1
2433,121.451,31.194,5,1
2434,121.367,31.281,0,1
2435,121.483,31.223,2,1
2436,121.459,31.272,4,1
2437,121.363,31.255,2,1
2438,121.49,31.28,5,1
2439,121.42,31.176,4,1
2440,121.508,31.257,5,1
2441,121.449,31.293,0,1
2442,121.397,31.17,2,1
2443,121.49,31.246,0,1
2444,121.512,31.306,5,1
2445,121.387,31.208,7,1
2446,121.437,31.179,5,1
2447,121.473,31.225,6,1
2448,121.479,31.311,0,1
2449,121.416,31.283,0,1
2450,121.492,31.308,3,1
2451,121.504,31.32,4,1
2452,121.475,31.199,5,1
2453,121.404,31.225,4,1
2454,121.481,31.226,0,1
2455,121.437,31.142,6,1
2456,121.477,31.267,7,1
2457,121.434,31.171,0,1
2458,121.428,31.231,7,1
2459,121.538,31.291,1,1
2460,121.431,31.323,0,1
2461,121.415,31.218,4,1
2462,121.402,31.214,5,1
2463,121.412,31.227,7,1
2464,121.469,31.226,5,1
2465,121.444,31.311,0,1
2466,121.452,31.111,7,1
2467,121.432,31.304,5,1
2468,121.482,31.245,5,1
2469,121.465,31.285,0,1
2470,121.421,31.201,0,1
2471,121.401,31.292,0,1
2472,121.479,31.221,5,1
2473,121.519,31.228,7,1
2474,121.491,31.264,3,1
2475,121.534,31.305,7,1
2476,121.475,31.3,4,1
2477,121.419,31.212,2,1
2478,121.49,31.262,2,1
2479,121.483,31.243,7,1
2480,121.478,31.225,7,1
2481,121.484,31.208,3,1
2482,121.422,31.186,4,1
2483,121.545,31.313,5,1
2484,121.447,31.227,0,1
2485,121.397,31.26,5,1
2486,121.504,31.296,5,1
2487,121.316,31.194,5,1
2488,121.402,31.157,4,1
2489,121.477,31.256,0,1
2490,121.393,31.275,2,1
2491,121.527,31.211,7,1
2492,121.314,31.269,7,1
2493,121.535,31.293,3,1
2494,121.376,31.279,3,1
2495,121.504,31.296,5,1
2496,121.505,31.262,0,1
2497,121.411,31.231,3,1
2498,121.488,31.223,3,1
2499,121.442,31.186,0,1
2500,121.407,31.25,5,1
2501,121.378,31.109,5,1
2502,121.513,31.275,3,1
2503,121.53,31.309,4,1
2504,121.48,31.258,7,1
2505,121.466,31.266,7,1
2506,121.541,31.259,5,1
2507,121.508,31.206,0,1
2508,121.492,31.229,5,1
2509,121.403,31.209,5,1
2510,121.483,31.291,7,1
2511,121.526,31.331,3,1
2512,121.477,31.231,5,1
2513,121.441,31.185,3,1
2514,121.361,31.252,5,1
2515,121.488,31.235,4,1
2516,121.459,31.205,2,1
2517,121.47,31.416,5,1
2518,121.496,31.29,7,1
2519,121.478,31.23,7,1
2520,121.407,31.206,5,1
2521,121.396,31.17,0,1
2522,121.485,31.252,5,1
2523,121.37,31.175,1,1
2524,121.411,31.302,7,1
2525,121.456,31.275,4,1
2526,121.452,31.326,3,1
2527,121.485,31.234,5,1
2528,121.439,31.218,0,1
2529,121.45,31.221,4,1
2530,121.488,31.203,7,1
2531,121.426,31.182,2,1
2532,121.421,31.206,1,1
2533,121.494,31.312,5,1
2534,121.506,31.28,0,1
2535,121.415,31.176,4,1
2536,121.487,31.298,0,1
2537,121.46,31.203,4,1
2538,121.49,31.204,2,1
2539,121.465,31.286,0,1
2540,121.461,31.208,2,1
2541,121.424,31.156,3,1
2542,121.441,31.195,5,1
2543,121.365,31.239,5,1
2544,121.412,31.299,5,1
2545,121.39,31.24,7,1
2546,121.468,31.269,7,1
2547,121.401,31.211,1,1
2548,121.39,31.269,0,1
2549,121.442,31.22,4,1
2550,121.407,31.206,5,1
2551,121.521,31.309,7,1
2552,121.346,31.289,5,1
2553,121.485,31.253,2,1
2554,121.534,31.299,5,1
2555,121.456,31.259,2,1
2556,121.469,31.253,4,1
2557,121.478,31.27,7,1
2558,121.423,31.187,0,1
2559,121.482,31.212,7,1
2560,121.434,31.19,6,1
2561,121.423,31.205,7,1
2562,121.494,31.216,3,1
2563,121.507,31.329,0,1
2564,121.475,31.235,5,1
2565,121.4,31.281,5,1
2566,121.525,31.308,4,1
2567,121.398,31.171,5,1
2568,121.431,31.219,2,1
2569,121.552,31.224,7,1
2570,121.495,31.278,5,1
2571,121.493,31.245,3,1
2572,121.452,31.195,1,1
2573,121.427,31.291,1,1
2574,121.508,31.292,7,1
2575,121.418,31.247,5,1
2576,121.381,31.181,2,1
2577,121.43,31.224,4,1
2578,121.453,31.238,5,1
2579,121.476,31.238,7,1
2580,121.426,31.154,7,1
2581,121.425,31.348,7,1
2582,121.426,31.257,0,1
2583,121.434,31.191,1,1
2584,121.421,31.284,5,1
2585,121.462,31.193,0,1
2586,121.501,31.261,0,1
2587,121.408,31.217,3,1
2588,121.453,31.232,5,1
2589,121.452,31.183,7,1
2590,121.418,31.216,5,1
2591,121.515,31.21,5,1
2592,121.503,31.319,0,1
2593,121.424,31.179,4,1
2594,121.458,31.186,0,1
2595,121.421,31.239,2,1
2596,121.418,31.253,5,1
2597,121.377,31.271,5,1
2598,121.416,31.18,7,1
2599,121.482,31.29,4,1
2600,121.519,31.275,1,1
2601,121.479,31.203,5,1
2602,121.428,31.277,5,1
2603,121.486,31.201,5,1
2604,121.413,31.17,2,1
2605,121.477,31.291,7,1
2606,121.464,31.182,7,1
2607,121.42,31.254,0,1
2608,121.417,31.218,5,1
2609,121.528,31.211,7,1
2610,121.516,31.297,4,1
2611,121.531,31.275,4,1
2612,121.489,31.334,1,1
2613,121.466,31.318,5,1
2614,121.362,31.201,1,1
2615,121.48,31.302,5,1
2616,121.467,31.205,7,1
2617,121.517,31.193,0,1
2618,121.42,31.235,4,1
2619,121.437,31.181,1,1
2620,121.433,31.202,3,1
2621,121.483,31.29,2,1
2622,121.458,31.259,0,1
2623,121.392,31.236,7,1
2624,121.437,31.208,0,1
2625,121.387,31.241,5,1
2626,121.442,31.23,5,1
2627,121.426,31.188,0,1
2628,121.41,31.306,1,1
2629,121.449,31.293,0,1
2630,121.461,31.253,4,1
2631,121.443,31.314,5,1
2632,121.381,31.158,0,1
2633,121.383,31.232,0,1
2634,121.47,31.191,7,1
2635,121.461,31.308,3,1
2636,121.539,31.321,0,1
2637,121.511,31.294,3,1
2638,121.481,31.21,0,1
2639,121.339,31.112,5,1
2640,121.522,31.309,3,1
2641,121.44,31.315,3,1
2642,121.405,31.248,5,1
2643,121.469,31.257,5,1
2644,121.536,31.295,4,1
2645,121.389,31.32,0,1
2646,121.421,31.284,5,1
2647,121.457,31.308,5,1
2648,121.453,31.276,5,1
2649,121.517,31.251,7,1
2650,121.502,31.309,4,1
2651,121.508,31.29,5,1
2652,121.501,31.286,4,1
2653,121.52,31.129,5,1
2654,121.471,31.293,1,1
2655,121.37,31.249,3,1
2656,121.348,31.265,7,1
2657,121.521,31.32,2,1
2658,121.476,31.198,0,1
2659,121.403,31.191,1,1
2660,121.537,31.293,0,1
2661,121.461,31.287,0,1
2662,121.44,31.268,3,1
2663,121.465,31.257,3,1
2664,121.494,31.262,5,1
2665,121.36,31.258,7,1
2666,121.379,31.232,5,1
2667,121.517,31.274,5,1
2668,121.442,31.192,0,1
2669,121.379,31.255,7,1
2670,121.519,31.32,4,1
2671,121.412,31.276,5,1
2672,121.402,31.281,5,1
2673,121.45,31.238,4,1
2674,121.377,31.108,5,1
2675,121.441,31.226,6,1
2676,121.484,31.304,5,1
2677,121.418,31.17,5,1
2678,121.415,31.218,4,1
2679,121.403,31.229,3,1
2680,121.535,31.328,7,1
2681,121.351,31.171,5,1
2682,121.489,31.222,3,1
2683,121.46,31.32,5,1
2684,121.493,31.256,5,1
2685,121.509,31.268,7,1
2686,121.469,31.25,3,1
2687,121.397,31.228,4,1
2688,121.437,31.181,1,1
2689,121.395,31.165,0,1
2690,121.544,31.283,4,1
2691,121.446,31.226,2,1
2692,121.505,31.316,7,1
2693,121.416,31.24,5,1
2694,121.385,31.134,1,1
2695,121.496,31.259,1,1
2696,121.535,31.328,7,1
2697,121.523,31.258,5,1
2698,121.39,31.269,0,1
2699,121.441,31.178,0,1
2700,121.562,31.28,2,1
2701,121.443,31.207,5,1
2702,121.418,31.275,3,1
2703,121.52,31.312,0,1
2704,121.534,31.314,5,1
2705,121.366,31.251,5,1
2706,121.362,31.131,0,1
2707,121.501,31.275,3,1
2708,121.55,31.193,0,1
2709,121.422,31.189,0,1
2710,121.374,31.175,1,1
2711,121.495,31.248,0,1
2712,121.443,31.242,7,1
2713,121.405,31.183,3,1
2714,121.417,31.238,2,1
2715,121.542,31.33,2,1
2716,121.509,31.279,4,1
2717,121.44,31.253,4,1
2718,121.535,31.285,7,1
2719,121.411,31.289,0,1
2720,121.426,31.259,7,1
2721,121.524,31.264,4,1
2722,121.541,31.288,5,1
2723,121.437,31.183,5,1
2724,121.383,31.256,0,1
2725,121.478,31.269,3,1
2726,121.528,31.287,5,1
2727,121.404,31.139,7,1
2728,121.343,31.143,5,1
2729,121.513,31.14,7,1
2730,121.459,31.215,7,1
2731,121.515,31.288,5,1
2732,121.381,31.157,4,1
2733,121.423,31.249,7,1
2734,121.395,31.213,0,1
2735,121.36,31.226,3,1
2736,121.459,31.202,5,1
2737,121.493,31.315,5,1
2738,121.428,31.291,0,1
2739,121.482,31.289,0,1
2740,121.588,31.308,1,1
2741,121.515,31.31,5,1
2742,121.564,31.25,5,1
2743,121.427,31.277,2,1
2744,121.51,31.306,7,1
2745,121.43,31.142,1,1
2746,121.462,31.196,4,1
2747,121.402,31.234,7,1
2748,121.415,31.159,3,1
2749,121.49,31.277,0,1
2750,121.459,31.192,4,1
2751,121.494,31.247,0,1
2752,121.413,31.157,5,1
2753,121.508,31.303,4,1
2754,121.457,31.254,5,1
2755,121.347,31.157,5,1
2756,121.491,31.338,1,1
2757,121.447,31.261,5,1
2758,121.488,31.262,5,1
2759,121.473,31.193,2,1
2760,121.401,31.276,5,1
2761,121.502,31.258,5,1
2762,121.505,31.262,0,1
2763,121.511,31.143,7,1
2764,121.486,31.387,2,1
2765,121.419,31.174,5,1
2766,121.512,31.302,7,1
2767,121.385,31.215,2,1
2768,121.488,31.2,0,1
2769,121.422,31.141,4,1
2770,121.529,31.321,5,1
2771,121.418,31.147,3,1
2772,121.486,31.21,0,1
2773,121.51,31.339,5,1
2774,121.478,31.271,5,1
2775,121.478,31.25,2,1
2776,121.462,31.32,3,1
2777,121.514,31.303,0,1
2778,121.541,31.311,5,1
2779,121.504,31.289,0,1
2780,121.481,31.258,7,1
2781,121.491,31.262,3,1
2782,121.468,31.286,0,1
2783,121.531,31.315,2,1
2784,121.498,31.217,0,1
2785,121.35,31.171,5,1
2786,121.433,31.123,7,1
2787,121.433,31.143,4,1
2788,121.414,31.272,5,1
2789,121.468,31.227,2,1
2790,121.513,31.26,0,1
2791,121.45,31.228,3,1
2792,121.479,31.226,0,1
2793,121.514,31.268,0,1
2794,121.411,31.234,1,1
2795,121.37,31.323,4,1
2796,121.539,31.3,5,1
2797,121.441,31.229,5,1
2798,121.464,31.194,0,1
2799,121.454,31.272,0,1
2800,121.381,31.315,3,1
2801,121.401,31.214,3,1
2802,121.417,31.263,4,1
2803,121.48,31.313,2,1
2804,121.388,31.259,7,1
2805,121.405,31.162,3,1
2806,121.513,31.302,5,1
2807,121.378,31.312,7,1
2808,121.538,31.271,0,1
2809,121.498,31.209,5,1
2810,121.444,31.208,5,1
2811,121.377,31.314,5,1
2812,121.346,31.289,5,1
2813,121.435,31.176,0,1
2814,121.478,31.232,4,1
2815,121.51,31.304,4,1
2816,121.471,31.241,0,1
2817,121.474,31.287,5,1
2818,121.442,31.264,5,1
2819,121.429,31.302,3,1
2820,121.509,31.288,5,1
2821,121.382,31.283,4,1
2822,121.489,31.311,0,1
2823,121.416,31.137,7,1
2824,121.431,31.2,4,1
2825,121.467,31.298,0,1
2826,121.514,31.307,1,1
2827,121.473,31.266,3,1
2828,121.429,31.252,5,1
2829,121.536,31.328,7,1
2830,121.446,31.327,7,1
2831,121.426,31.255,7,1
2832,121.475,31.328,5,1
2833,121.45,31.328,7,1
2834,121.54,31.2,0,1
2835,121.513,31.303,0,1
2836,121.524,31.264,4,1
2837,121.366,31.235,0,1
2838,121.439,31.193,7,1
2839,121.52,31.281,3,1
2840,121.445,31.336,7,1
2841,121.432,31.229,3,1
2842,121.5,31.281,4,1
2843,121.484,31.306,4,1
2844,121.441,31.31,7,1
2845,121.442,31.261,5,1
2846,121.473,31.172,0,1
2847,121.412,31.299,5,1
2848,121.466,31.31,7,1
2849,121.529,31.333,3,1
2850,121.494,31.215,3,1
2851,121.419,31.292,0,1
2852,121.544,31.284,7,1
2853,121.475,31.199,5,1
2854,121.427,31.192,0,1
2855,121.408,31.19,3,1
2856,121.474,31.245,1,1
2857,121.362,31.218,7,1
2858,121.395,31.175,7,1
2859,121.506,31.277,5,1
2860,121.372,31.248,7,1
2861,121.504,31.304,2,1
2862,121.46,31.189,5,1
2863,121.399,31.248,5,1
2864,121.49,31.318,3,1
2865,121.512,31.311,6,1
2866,121.49,31.331,5,1
2867,121.367,31.188,0,1
2868,121.485,31.306,5,1
2869,121.333,31.223,5,1
2870,121.474,31.323,7,1
2871,121.39,31.269,0,1
2872,121.384,31.166,0,1
2873,121.489,31.209,5,1
2874,121.45,31.193,4,1
2875,121.534,31.324,7,1
2876,121.614,31.279,0,1
2877,121.415,31.24,7,1
2878,121.4,31.209,4,1
2879,121.541,31.295,1,1
2880,121.477,31.255,5,1
2881,121.513,31.336,5,1
2882,121.364,31.258,7,1
2883,121.443,31.232,0,1
2884,121.5,31.261,7,1
2885,121.499,31.308,5,1
2886,121.506,31.21,3,1
2887,121.527,31.16,7,1
2888,121.439,31.164,7,1
2889,121.468,31.198,3,1
2890,121.469,31.197,0,1
2891,121.451,31.173,0,1
2892,121.416,31.233,7,1
2893,121.497,31.29,2,1
2894,121.435,31.177,7,1
2895,121.538,31.273,5,1
2896,121.393,31.205,5,1
2897,121.504,31.305,1,1
2898,121.456,31.311,7,1
2899,121.422,31.212,2,1
2900,121.413,31.223,3,1
2901,121.514,31.307,1,1
2902,121.491,31.345,7,1
2903,121.532,31.298,5,1
2904,121.547,31.277,1,1
2905,121.531,31.323,0,1
2906,121.466,31.328,2,1
2907,121.352,31.281,5,1
2908,121.445,31.178,2,1
2909,121.404,31.215,4,1
2910,121.504,31.268,5,1
2911,121.521,31.315,0,1
2912,121.463,31.239,4,1
2913,121.455,31.228,1,1
2914,121.453,31.157,3,1
2915,121.411,31.265,7,1
2916,121.542,31.281,3,1
2917,121.54,31.192,3,1
2918,121.426,31.204,5,1
2919,121.392,31.181,7,1
2920,121.437,31.248,0,1
2921,121.368,31.291,5,1
2922,121.535,31.305,3,1
2923,121.324,31.254,7,1
2924,121.407,31.208,7,1
2925,121.439,31.229,7,1
2926,121.394,31.258,3,1
2927,121.452,31.27,5,1
2928,121.448,31.273,0,1
2929,121.426,31.121,5,1
2930,121.496,31.209,5,1
2931,121.387,31.188,7,1
2932,121.452,31.311,7,1
2933,121.537,31.271,0,1
2934,121.47,31.26,5,1
2935,121.428,31.347,7,1
2936,121.445,31.22,5,1
2937,121.47,31.295,2,1
2938,121.54,31.279,5,1
2939,121.466,31.192,4,1
2940,121.423,31.235,7,1
2941,121.433,31.304,4,1
2942,121.492,31.32,5,1
2943,121.478,31.226,1,1
2944,121.422,31.328,7,1
2945,121.569,31.24,5,1
2946,121.453,31.157,3,1
2947,121.501,31.335,7,1
2948,121.46,31.197,6,1
2949,121.513,31.311,0,1
2950,121.543,31.274,3,1
2951,121.441,31.256,2,1
2952,121.478,31.278,3,1
2953,121.439,31.254,5,1
2954,121.508,31.295,2,1
2955,121.476,31.403,2,1
2956,121.429,31.213,4,1
2957,121.481,31.233,4,1
2958,121.429,31.199,7,1
2959,121.364,31.18,0,1
2960,121.389,31.354,5,1
2961,121.522,31.317,7,1
2962,121.491,31.265,0,1
2963,121.431,31.114,0,1
2964,121.539,31.265,7,1
2965,121.409,31.185,5,1
2966,121.525,31.283,3,1
2967,121.336,31.125,7,1
2968,121.511,31.28,7,1
2969,121.421,31.143,4,1
2970,121.442,31.156,7,1
2971,121.425,31.218,5,1
2972,121.423,31.281,3,1
2973,121.413,31.212,4,1
2974,121.463,31.274,5,1
2975,121.534,31.277,2,1
2976,121.436,31.18,0,1
2977,121.403,31.233,7,1
2978,121.441,31.192,5,1
2979,121.439,31.164,7,1
2980,121.482,31.237,5,1
2981,121.401,31.231,3,1
2982,121.495,31.311,3,1
2983,121.393,31.126,4,1
2984,121.518,31.27,7,1
2985,121.376,31.109,4,1
2986,121.455,31.327,3,1
2987,121.435,31.254,4,1
2988,121.531,31.318,5,1
2989,121.468,31.263,3,1
2990,121.415,31.22,0,1
2991,121.494,31.224,3,1
2992,121.417,31.17,5,1
2993,121.536,31.285,7,1
2994,121.477,31.232,7,1
2995,121.452,31.312,5,1
2996,121.467,31.247,6,1
2997,121.409,31.123,3,1
2998,121.328,31.144,0,1
2999,121.476,31.234,0,1
3000,121.447,31.162,7,1
3001,121.453,31.119,5,1
3002,121.487,31.239,1,1
3003,121.41,31.188,3,1
3004,121.47,31.288,5,1
3005,121.449,31.179,7,1
3006,121.485,31.308,7,1
3007,121.358,31.22,7,1
3008,121.415,31.289,4,1
3009,121.524,31.322,1,1
3010,121.445,31.187,5,1
3011,121.482,31.301,6,1
3012,121.541,31.328,7,1
3013,121.488,31.279,7,1
3014,121.464,31.243,7,1
3015,121.477,31.27,4,1
3016,121.432,31.131,5,1
3017,121.49,31.317,3,1
3018,121.428,31.244,0,1
3019,121.408,31.263,3,1
3020,121.48,31.258,7,1
3021,121.42,31.195,5,1
3022,121.427,31.335,3,1
3023,121.369,31.24,1,1
3024,121.475,31.264,5,1
3025,121.541,31.304,7,1
3026,121.454,31.207,0,1
3027,121.379,31.255,7,1
3028,121.456,31.19,7,1
3029,121.426,31.16,3,1
3030,121.455,31.291,2,1
3031,121.348,31.267,5,1
3032,121.529,31.328,7,1
3033,121.481,31.292,2,1
3034,121.416,31.218,4,1
3035,121.455,31.197,4,1
3036,121.52,31.32,2,1
3037,121.532,31.326,7,1
3038,121.467,31.215,5,1
3039,121.479,31.208,3,1
3040,121.519,31.253,5,1
3041,121.437,31.198,4,1
3042,121.505,31.286,0,1
3043,121.377,31.272,0,1
3044,121.518,31.318,3,1
3045,121.546,31.179,4,1
3046,121.556,31.271,5,1
3047,121.532,31.313,5,1
3048,121.474,31.315,4,1
3049,121.493,31.229,6,1
3050,121.396,31.269,0,1
3051,121.499,31.344,5,1
3052,121.387,31.21,0,1
3053,121.32,31.295,7,1
3054,121.469,31.207,1,1
3055,121.536,31.256,0,1
3056,121.442,31.237,7,1
3057,121.524,31.28,5,1
3058,121.462,31.174,4,1
3059,121.434,31.178,5,1
3060,121.542,31.289,0,1
3061,121.433,31.124,7,1
3062,121.388,31.291,3,1
3063,121.41,31.307,5,1
3064,121.365,31.141,5,1
3065,121.513,31.311,0,1
3066,121.522,31.309,3,1
3067,121.514,31.299,7,1
3068,121.495,31.318,3,1
3069,121.542,31.292,3,1
3070,121.432,31.282,4,1
3071,121.428,31.246,3,1
3072,121.514,31.262,0,1
3073,121.357,31.17,5,1
3074,121.417,31.216,5,1
3075,121.444,31.235,0,1
3076,121.538,31.265,5,1
3077,121.457,31.119,0,1
3078,121.489,31.334,1,1
3079,121.424,31.237,7,1
3080,121.433,31.163,4,1
3081,121.507,31.329,0,1
3082,121.386,31.131,4,1
3083,121.54,31.328,5,1
3084,121.535,31.284,5,1
3085,121.451,31.157,0,1
3086,121.443,31.251,7,1
3087,121.41,31.236,4,1
3088,121.496,31.208,7,1
3089,121.49,31.215,4,1
3090,121.435,31.221,3,1
3091,121.53,31.284,3,1
3092,121.388,31.277,5,1
3093,121.431,31.335,0,1
3094,121.551,31.167,6,1
3095,121.503,31.267,6,1
3096,121.523,31.325,1,1
3097,121.459,31.323,5,1
3098,121.478,31.279,5,1
3099,121.477,31.287,1,1
3100,121.537,31.331,5,1
3101,121.44,31.258,5,1
3102,121.498,31.294,2,1
3103,121.503,31.279,4,1
3104,121.527,31.262,5,1
3105,121.454,31.179,0,1
3106,121.507,31.329,0,1
3107,121.462,31.205,4,1
3108,121.504,31.306,7,1
3109,121.436,31.205,2,1
3110,121.513,31.304,0,1
3111,121.455,31.271,4,1
3112,121.377,31.232,5,1
3113,121.481,31.292,2,1
3114,121.393,31.21,7,1
3115,121.537,31.289,0,1
3116,121.417,31.146,7,1
3117,121.476,31.225,5,1
3118,121.523,31.325,1,1
3119,121.475,31.209,0,1
3120,121.542,31.303,3,1
3121,121.472,31.32,4,1
3122,121.448,31.184,4,1
3123,121.526,31.323,7,1
3124,121.455,31.256,3,1
3125,121.389,31.268,0,1
3126,121.449,31.255,5,1
3127,121.516,31.192,0,1
3128,121.474,31.218,6,1
3129,121.427,31.186,5,1
3130,121.458,31.336,5,1
3131,121.525,31.211,5,1
3132,121.493,31.312,7,1
3133,121.372,31.215,0,1
3134,121.364,31.218,7,1
3135,121.448,31.255,3,1
3136,121.457,31.233,0,1
3137,121.475,31.221,7,1
3138,121.475,31.2,0,1
3139,121.442,31.229,5,1
3140,121.474,31.215,3,1
3141,121.474,31.215,3,1
3142,121.537,31.33,5,1
3143,121.427,31.229,4,1
3144,121.428,31.175,7,1
3145,121.455,31.187,4,1
3146,121.536,31.321,5,1
3147,121.437,31.235,7,1
3148,121.538,31.328,6,1
3149,121.4,31.156,5,1
3150,121.471,31.232,0,1
3151,121.526,31.309,4,1
3152,121.476,31.21,5,1
3153,121.524,31.329,1,1
3154,121.42,31.157,4,1
3155,121.426,31.131,0,1
3156,121.421,31.154,5,1
3157,121.443,31.233,0,1
3158,121.442,31.178,0,1
3159,121.429,31.293,0,1
3160,121.431,31.26,7,1
3161,121.444,31.259,5,1
3162,121.419,31.292,0,1
3163,121.337,31.152,2,1
3164,121.481,31.295,3,1
3165,121.448,31.296,5,1
3166,121.43,31.161,0,1
3167,121.43,31.208,5,1
3168,121.453,31.191,4,1
3169,121.49,31.244,0,1
3170,121.462,31.257,7,1
3171,121.528,31.283,1,1
3172,121.443,31.264,0,1
3173,121.5,31.211,5,1
3174,121.498,31.267,7,1
3175,121.495,31.279,4,1
3176,121.532,31.314,2,1
3177,121.394,31.067,3,1
3178,121.414,31.207,0,1
3179,121.427,31.303,5,1
3180,121.342,31.259,2,1
3181,121.373,31.314,7,1
3182,121.519,31.223,3,1
3183,121.411,31.302,7,1
3184,121.42,31.211,2,1
3185,121.43,31.162,4,1
3186,121.416,31.285,5,1
3187,121.398,31.281,5,1
3188,121.432,31.272,2,1
3189,121.476,31.289,7,1
3190,121.435,31.321,7,1
3191,121.525,31.331,3,1
3192,121.489,31.338,7,1
3193,121.538,31.311,2,1
3194,121.411,31.286,5,1
3195,121.49,31.207,5,1
3196,121.49,31.252,7,1
3197,121.437,31.334,5,1
3198,121.49,31.244,0,1
3199,121.397,31.325,5,1
3200,121.503,31.267,6,1
3201,121.434,31.235,5,1
3202,121.334,31.22,6,1
3203,121.552,31.277,5,1
3204,121.459,31.247,2,1
3205,121.481,31.295,3,1
3206,121.509,31.288,5,1
3207,121.475,31.331,5,1
3208,121.53,31.309,4,1
3209,121.422,31.215,5,1
3210,121.455,31.251,0,1
3211,121.437,31.16,1,1
3212,121.509,31.296,1,1
3213,121.462,31.174,4,1
3214,121.487,31.266,4,1
3215,121.417,31.247,5,1
3216,121.505,31.176,3,1
3217,121.385,31.134,1,1
3218,121.464,31.183,7,1
3219,121.491,31.389,5,1
3220,121.393,31.155,0,1
3221,121.46,31.189,5,1
3222,121.49,31.276,0,1
3223,121.43,31.273,5,1
3224,121.538,31.329,5,1
3225,121.529,31.339,0,1
3226,121.457,31.305,3,1
3227,121.451,31.279,6,1
3228,121.499,31.335,7,1
3229,121.468,31.297,2,1
3230,121.463,31.184,0,1
3231,121.457,31.257,2,1
3232,121.516,31.274,7,1
3233,121.532,31.313,5,1
3234,121.534,31.321,5,1
3235,121.495,31.212,7,1
3236,121.456,31.215,3,1
3237,121.493,31.285,5,1
3238,121.443,31.242,7,1
3239,121.549,31.228,0,1
3240,121.533,31.285,5,1
3241,121.455,31.329,4,1
3242,121.539,31.294,3,1
3243,121.556,31.254,3,1
3244,121.492,31.311,0,1
3245,121.393,31.235,0,1
3246,121.482,31.201,2,1
3247,121.507,31.263,0,1
3248,121.367,31.237,7,1
3249,121.362,31.251,7,1
3250,121.465,31.247,3,1
3251,121.39,31.261,1,1
3252,121.324,31.244,7,1
3253,121.414,31.153,0,1
3254,121.554,31.287,5,1
3255,121.542,31.323,4,1
3256,121.447,31.256,3,1
3257,121.541,31.283,5,1
3258,121.401,31.275,3,1
3259,121.463,31.327,3,1
3260,121.451,31.138,5,1
3261,121.53,31.263,0,1
3262,121.403,31.14,0,1
3263,121.374,31.308,2,1
3264,121.435,31.279,0,1
3265,121.532,31.287,0,1
3266,121.448,31.372,2,1
3267,121.414,31.153,0,1
3268,121.445,31.166,5,1
3269,121.519,31.335,5,1
3270,121.534,31.277,2,1
3271,121.524,31.328,1,1
3272,121.464,31.291,2,1
3273,121.42,31.195,5,1
3274,121.44,31.237,3,1
3275,121.493,31.315,5,1
3276,121.465,31.215,7,1
3277,121.444,31.173,5,1
3278,121.404,31.279,3,1
3279,121.507,31.336,7,1
3280,121.493,31.312,7,1
3281,121.316,31.285,1,1
3282,121.49,31.311,5,1
3283,121.491,31.198,4,1
3284,121.42,31.212,5,1
3285,121.492,31.224,0,1
3286,121.52,31.311,5,1
3287,121.513,31.266,0,1
3288,121.522,31.315,3,1
3289,121.484,31.173,5,1
3290,121.49,31.331,5,1
3291,121.461,31.279,1,1
3292,121.298,31.312,7,1
3293,121.507,31.329,0,1
3294,121.408,31.313,2,1
3295,121.393,31.248,4,1
3296,121.516,31.309,6,1
3297,121.421,31.27,0,1
3298,121.442,31.256,0,1
3299,121.459,31.195,0,1
3300,121.409,31.216,3,1
3301,121.482,31.221,5,1
3302,121.517,31.314,7,1
3303,121.516,31.274,7,1
3304,121.464,31.2,3,1
3305,121.419,31.292,0,1
3306,121.422,31.214,3,1
3307,121.435,31.202,1,1
3308,121.434,31.168,3,1
3309,121.476,31.199,5,1
3310,121.428,31.276,4,1
3311,121.447,31.198,7,1
3312,121.41,31.308,5,1
3313,121.48,31.21,0,1
3314,121.458,31.268,1,1
3315,121.477,31.283,5,1
3316,121.508,31.292,7,1
3317,121.353,31.17,5,1
3318,121.5,31.14,5,1
3319,121.418,31.264,4,1
3320,121.427,31.276,4,1
3321,121.429,31.209,3,1
3322,121.538,31.322,0,1
3323,121.43,31.283,3,1
3324,121.367,31.241,5,1
3325,121.495,31.222,4,1
3326,121.463,31.187,7,1
3327,121.551,31.29,7,1
3328,121.485,31.243,3,1
3329,121.447,31.318,3,1
3330,121.308,31.204,0,1
3331,121.478,31.199,3,1
3332,121.509,31.293,3,1
3333,121.482,31.34,0,1
3334,121.581,31.251,5,1
3335,121.432,31.168,4,1
3336,121.438,31.167,5,1
3337,121.448,31.255,3,1
3338,121.426,31.259,7,1
3339,121.489,31.202,7,1
3340,121.435,31.16,3,1
3341,121.541,31.291,5,1
3342,121.507,31.288,3,1
3343,121.439,31.226,2,1
3344,121.403,31.285,5,1
3345,121.468,31.187,2,1
3346,121.354,31.282,7,1
3347,121.404,31.258,5,1
3348,121.489,31.34,7,1
3349,121.398,31.308,7,1
3350,121.359,31.344,4,1
3351,121.363,31.247,0,1
3352,121.507,31.172,5,1
3353,121.488,31.285,3,1
3354,121.476,31.198,0,1
3355,121.468,31.253,2,1
3356,121.477,31.304,3,1
3357,121.465,31.306,5,1
3358,121.476,31.198,0,1
3359,121.462,31.257,7,1
3360,121.477,31.261,7,1
3361,121.54,31.303,2,1
3362,121.339,31.169,2,1
3363,121.544,31.283,4,1
3364,121.426,31.271,5,1
3365,121.454,31.322,1,1
3366,121.483,31.208,3,1
3367,121.368,31.262,3,1
3368,121.446,31.225,5,1
3369,121.492,31.281,5,1
3370,121.489,31.202,7,1
3371,121.471,31.193,3,1
3372,121.444,31.311,0,1
3373,121.453,31.27,7,1
3374,121.343,31.255,3,1
3375,121.532,31.308,5,1
3376,121.428,31.21,2,1
3377,121.534,31.331,2,1
3378,121.44,31.331,1,1
3379,121.543,31.29,5,1
3380,121.364,31.26,5,1
3381,121.405,31.233,3,1
3382,121.412,31.164,2,1
3383,121.384,31.146,5,1
3384,121.494,31.315,5,1
3385,121.465,31.322,4,1
3386,121.532,31.311,0,1
3387,121.447,31.161,7,1
3388,121.49,31.241,7,1
3389,121.538,31.315,5,1
3390,121.454,31.214,0,1
3391,121.445,31.179,7,1
3392,121.437,31.318,4,1
3393,121.547,31.229,5,1
3394,121.363,31.233,4,1
3395,121.434,31.35,0,1
3396,121.463,31.194,0,1
3397,121.355,31.215,0,1
3398,121.548,31.288,5,1
3399,121.377,31.254,3,1
3400,121.359,31.259,7,1
3401,121.442,31.242,2,1
3402,121.539,31.261,5,1
3403,121.454,31.257,5,1
3404,121.501,31.35,3,1
3405,121.49,31.316,3,1
3406,121.348,31.163,2,1
3407,121.443,31.21,5,1
3408,121.435,31.26,4,1
3409,121.535,31.285,7,1
3410,121.493,31.289,7,1
3411,121.448,31.307,0,1
3412,121.416,31.154,4,1
3413,121.495,31.214,5,1
3414,121.514,31.262,0,1
3415,121.544,31.236,4,1
3416,121.49,31.219,1,1
3417,121.333,31.291,7,1
3418,121.479,31.311,0,1
3419,121.467,31.27,7,1
3420,121.541,31.26,5,1
3421,121.425,31.25,7,1
3422,121.4,31.111,5,1
3423,121.462,31.196,4,1
3424,121.42,31.195,5,1
3425,121.54,31.272,5,1
3426,121.49,31.244,0,1
3427,121.505,31.158,0,1
3428,121.437,31.205,0,1
3429,121.49,31.215,4,1
3430,121.43,31.203,7,1
3431,121.429,31.187,5,1
3432,121.501,31.22,4,1
3433,121.536,31.304,0,1
3434,121.5,31.275,3,1
3435,121.501,31.22,4,1
3436,121.501,31.259,5,1
3437,121.42,31.201,5,1
3438,121.482,31.226,0,1
3439,121.349,31.31,2,1
3440,121.472,31.3,2,1
3441,121.377,31.158,7,1
3442,121.482,31.226,0,1
3443,121.525,31.317,5,1
3444,121.541,31.299,5,1
3445,121.384,31.28,5,1
3446,121.463,31.254,3,1
3447,121.519,31.281,5,1
3448,121.432,31.249,2,1
3449,121.4,31.289,0,1
3450,121.443,31.337,7,1
3451,121.472,31.305,2,1
3452,121.442,31.199,3,1
3453,121.395,31.263,0,1
3454,121.417,31.157,4,1
3455,121.49,31.318,3,1
3456,121.476,31.328,3,1
3457,121.407,31.191,1,1
3458,121.575,31.339,5,1
3459,121.458,31.24,7,1
3460,121.42,31.277,5,1
3461,121.448,31.273,0,1
3462,121.41,31.226,4,1
3463,121.417,31.261,4,1
3464,121.485,31.202,3,1
3465,121.467,31.317,4,1
3466,121.527,31.318,5,1
3467,121.462,31.198,7,1
3468,121.512,31.266,1,1
3469,121.497,31.266,4,1
3470,121.527,31.255,3,1
3471,121.562,31.28,2,1
3472,121.534,31.303,5,1
3473,121.527,31.255,3,1
3474,121.434,31.202,0,1
3475,121.461,31.306,0,1
3476,121.43,31.201,0,1
3477,121.362,31.245,5,1
3478,121.397,31.268,5,1
3479,121.36,31.203,0,1
3480,121.532,31.319,5,1
3481,121.425,31.278,3,1
3482,121.476,31.199,5,1
